Time,RegionCode,RegionName,CategoryIndex,Category,Value
2005,AT,Austria,2,5-18,0.000000000
2005,AT,Austria,3,19-64,2.222222222
2005,AT,Austria,4,65+,0.000000000
2005,BG,Bulgaria,1,0-4,0.000000000
2005,BG,Bulgaria,2,5-18,0.000000000
2005,BG,Bulgaria,3,19-64,25.000000000
2005,BG,Bulgaria,4,65+,18.181818182
2005,CZ,Czechia,1,0-4,0.000000000
2005,CZ,Czechia,2,5-18,20.000000000
2005,CZ,Czechia,3,19-64,21.463414634
2005,CZ,Czechia,4,65+,14.937759336
2005,DE,Germany,1,0-4,0.000000000
2005,DE,Germany,2,5-18,0.000000000
2005,DE,Germany,3,19-64,5.769230769
2005,DE,Germany,4,65+,0.000000000
2005,EE,Estonia,1,0-4,0.000000000
2005,EE,Estonia,3,19-64,0.000000000
2005,EE,Estonia,4,65+,0.000000000
2005,ES,Spain,1,0-4,0.000000000
2005,ES,Spain,3,19-64,5.000000000
2005,ES,Spain,4,65+,2.941176471
2005,FI,Finland,1,0-4,0.000000000
2005,FI,Finland,2,5-18,0.000000000
2005,FI,Finland,3,19-64,4.347826087
2005,FI,Finland,4,65+,1.298701299
2005,FR,France,1,0-4,0.000000000
2005,FR,France,2,5-18,0.000000000
2005,FR,France,3,19-64,3.305785124
2005,FR,France,4,65+,1.173708920
2005,HR,Croatia,1,0-4,0.000000000
2005,HR,Croatia,3,19-64,22.000000000
2005,HR,Croatia,4,65+,15.151515152
2005,HU,Hungary,1,0-4,0.000000000
2005,HU,Hungary,2,5-18,0.000000000
2005,HU,Hungary,3,19-64,23.809523810
2005,HU,Hungary,4,65+,16.058394161
2005,IE,Ireland,1,0-4,0.000000000
2005,IE,Ireland,2,5-18,0.000000000
2005,IE,Ireland,3,19-64,0.000000000
2005,IE,Ireland,4,65+,0.000000000
2005,IS,Iceland,3,19-64,0.000000000
2005,IS,Iceland,4,65+,0.000000000
2005,IT,Italy,1,0-4,0.000000000
2005,IT,Italy,2,5-18,0.000000000
2005,IT,Italy,3,19-64,3.846153846
2005,IT,Italy,4,65+,3.389830508
2005,NL,Netherlands,1,0-4,0.000000000
2005,NL,Netherlands,2,5-18,33.333333333
2005,NL,Netherlands,3,19-64,3.092783505
2005,NL,Netherlands,4,65+,1.379310345
2005,NO,Norway,1,0-4,0.000000000
2005,NO,Norway,3,19-64,0.000000000
2005,NO,Norway,4,65+,0.000000000
2005,PL,Poland,1,0-4,9.090909091
2005,PL,Poland,3,19-64,33.333333333
2005,PL,Poland,4,65+,27.777777778
2005,SE,Sweden,1,0-4,0.000000000
2005,SE,Sweden,2,5-18,0.000000000
2005,SE,Sweden,3,19-64,0.000000000
2005,SE,Sweden,4,65+,0.507614213
2005,SI,Slovenia,1,0-4,0.000000000
2005,SI,Slovenia,2,5-18,0.000000000
2005,SI,Slovenia,3,19-64,22.222222222
2005,SI,Slovenia,4,65+,7.500000000
2005,UK,United Kingdom,1,0-4,0.000000000
2005,UK,United Kingdom,2,5-18,0.000000000
2005,UK,United Kingdom,3,19-64,4.347826087
2005,UK,United Kingdom,4,65+,7.272727273
2006,AT,Austria,1,0-4,0.000000000
2006,AT,Austria,2,5-18,0.000000000
2006,AT,Austria,3,19-64,0.724637681
2006,AT,Austria,4,65+,2.909090909
2006,BG,Bulgaria,1,0-4,0.000000000
2006,BG,Bulgaria,2,5-18,50.000000000
2006,BG,Bulgaria,3,19-64,25.000000000
2006,BG,Bulgaria,4,65+,21.052631579
2006,CZ,Czechia,1,0-4,3.125000000
2006,CZ,Czechia,2,5-18,7.142857143
2006,CZ,Czechia,3,19-64,23.504273504
2006,CZ,Czechia,4,65+,19.024390244
2006,DE,Germany,1,0-4,0.000000000
2006,DE,Germany,2,5-18,0.000000000
2006,DE,Germany,3,19-64,9.677419355
2006,DE,Germany,4,65+,1.333333333
2006,DK,Denmark,1,0-4,0.000000000
2006,DK,Denmark,2,5-18,0.000000000
2006,DK,Denmark,3,19-64,1.418439716
2006,DK,Denmark,4,65+,0.400000000
2006,EE,Estonia,1,0-4,0.000000000
2006,EE,Estonia,3,19-64,0.000000000
2006,EE,Estonia,4,65+,5.263157895
2006,ES,Spain,1,0-4,0.000000000
2006,ES,Spain,2,5-18,14.285714286
2006,ES,Spain,3,19-64,0.537634409
2006,ES,Spain,4,65+,1.219512195
2006,FI,Finland,1,0-4,0.000000000
2006,FI,Finland,2,5-18,0.000000000
2006,FI,Finland,3,19-64,0.000000000
2006,FI,Finland,4,65+,1.257861635
2006,FR,France,1,0-4,0.000000000
2006,FR,France,2,5-18,0.000000000
2006,FR,France,3,19-64,6.500000000
2006,FR,France,4,65+,1.984126984
2006,HR,Croatia,1,0-4,0.000000000
2006,HR,Croatia,2,5-18,25.000000000
2006,HR,Croatia,3,19-64,16.216216216
2006,HR,Croatia,4,65+,22.448979592
2006,HU,Hungary,1,0-4,0.000000000
2006,HU,Hungary,2,5-18,0.000000000
2006,HU,Hungary,3,19-64,16.030534351
2006,HU,Hungary,4,65+,6.779661017
2006,IE,Ireland,1,0-4,0.000000000
2006,IE,Ireland,2,5-18,0.000000000
2006,IE,Ireland,3,19-64,1.315789474
2006,IE,Ireland,4,65+,1.941747573
2006,IT,Italy,1,0-4,10.526315789
2006,IT,Italy,2,5-18,0.000000000
2006,IT,Italy,3,19-64,24.615384615
2006,IT,Italy,4,65+,17.187500000
2006,LT,Lithuania,1,0-4,0.000000000
2006,LT,Lithuania,2,5-18,0.000000000
2006,LT,Lithuania,3,19-64,0.000000000
2006,LT,Lithuania,4,65+,7.692307692
2006,LV,Latvia,1,0-4,0.000000000
2006,LV,Latvia,3,19-64,5.882352941
2006,LV,Latvia,4,65+,20.000000000
2006,MT,Malta,1,0-4,0.000000000
2006,MT,Malta,2,5-18,0.000000000
2006,MT,Malta,3,19-64,0.000000000
2006,MT,Malta,4,65+,0.000000000
2006,NL,Netherlands,1,0-4,0.000000000
2006,NL,Netherlands,2,5-18,0.000000000
2006,NL,Netherlands,3,19-64,0.689655172
2006,NL,Netherlands,4,65+,1.333333333
2006,NO,Norway,1,0-4,0.000000000
2006,NO,Norway,2,5-18,0.000000000
2006,NO,Norway,3,19-64,0.000000000
2006,NO,Norway,4,65+,0.000000000
2006,PL,Poland,1,0-4,0.000000000
2006,PL,Poland,2,5-18,0.000000000
2006,PL,Poland,3,19-64,40.000000000
2006,PL,Poland,4,65+,12.500000000
2006,PT,Portugal,1,0-4,0.000000000
2006,PT,Portugal,2,5-18,0.000000000
2006,PT,Portugal,3,19-64,7.272727273
2006,PT,Portugal,4,65+,11.111111111
2006,RO,Romania,1,0-4,28.571428571
2006,RO,Romania,2,5-18,0.000000000
2006,RO,Romania,3,19-64,100.000000000
2006,SE,Sweden,1,0-4,0.000000000
2006,SE,Sweden,2,5-18,0.000000000
2006,SE,Sweden,3,19-64,0.000000000
2006,SE,Sweden,4,65+,0.000000000
2006,SI,Slovenia,2,5-18,0.000000000
2006,SI,Slovenia,3,19-64,16.129032258
2006,SI,Slovenia,4,65+,14.159292035
2006,UK,United Kingdom,1,0-4,0.000000000
2006,UK,United Kingdom,3,19-64,3.571428571
2006,UK,United Kingdom,4,65+,10.382513661
2007,AT,Austria,1,0-4,0.000000000
2007,AT,Austria,2,5-18,0.000000000
2007,AT,Austria,3,19-64,6.626506024
2007,AT,Austria,4,65+,3.041825095
2007,BG,Bulgaria,1,0-4,0.000000000
2007,BG,Bulgaria,3,19-64,45.454545455
2007,BG,Bulgaria,4,65+,35.714285714
2007,CY,Cyprus,1,0-4,0.000000000
2007,CY,Cyprus,2,5-18,0.000000000
2007,CY,Cyprus,3,19-64,20.000000000
2007,CY,Cyprus,4,65+,10.000000000
2007,CZ,Czechia,1,0-4,8.108108108
2007,CZ,Czechia,2,5-18,11.764705882
2007,CZ,Czechia,3,19-64,32.015065913
2007,CZ,Czechia,4,65+,27.596899225
2007,DE,Germany,1,0-4,0.000000000
2007,DE,Germany,2,5-18,0.000000000
2007,DE,Germany,3,19-64,6.779661017
2007,DE,Germany,4,65+,0.970873786
2007,DK,Denmark,1,0-4,0.000000000
2007,DK,Denmark,2,5-18,0.000000000
2007,DK,Denmark,3,19-64,8.433734940
2007,DK,Denmark,4,65+,4.605263158
2007,EE,Estonia,1,0-4,0.000000000
2007,EE,Estonia,3,19-64,0.000000000
2007,EE,Estonia,4,65+,0.000000000
2007,ES,Spain,1,0-4,0.000000000
2007,ES,Spain,2,5-18,20.000000000
2007,ES,Spain,3,19-64,6.363636364
2007,ES,Spain,4,65+,5.172413793
2007,FI,Finland,1,0-4,0.000000000
2007,FI,Finland,2,5-18,0.000000000
2007,FI,Finland,3,19-64,0.000000000
2007,FI,Finland,4,65+,0.606060606
2007,FR,France,1,0-4,0.000000000
2007,FR,France,2,5-18,11.111111111
2007,FR,France,3,19-64,7.875457875
2007,FR,France,4,65+,10.000000000
2007,HR,Croatia,1,0-4,3.125000000
2007,HR,Croatia,2,5-18,28.571428571
2007,HR,Croatia,3,19-64,28.181818182
2007,HR,Croatia,4,65+,36.507936508
2007,HU,Hungary,1,0-4,0.000000000
2007,HU,Hungary,2,5-18,20.000000000
2007,HU,Hungary,3,19-64,23.846153846
2007,HU,Hungary,4,65+,18.978102190
2007,IE,Ireland,1,0-4,0.000000000
2007,IE,Ireland,2,5-18,0.000000000
2007,IE,Ireland,3,19-64,5.102040816
2007,IE,Ireland,4,65+,3.305785124
2007,IS,Iceland,3,19-64,0.000000000
2007,IS,Iceland,4,65+,0.000000000
2007,IT,Italy,1,0-4,7.692307692
2007,IT,Italy,2,5-18,0.000000000
2007,IT,Italy,3,19-64,23.809523810
2007,IT,Italy,4,65+,15.697674419
2007,LT,Lithuania,2,5-18,0.000000000
2007,LT,Lithuania,3,19-64,0.000000000
2007,LT,Lithuania,4,65+,5.263157895
2007,LU,Luxembourg,1,0-4,0.000000000
2007,LU,Luxembourg,3,19-64,0.000000000
2007,LU,Luxembourg,4,65+,0.000000000
2007,LV,Latvia,1,0-4,0.000000000
2007,LV,Latvia,3,19-64,9.090909091
2007,LV,Latvia,4,65+,0.000000000
2007,MT,Malta,1,0-4,0.000000000
2007,MT,Malta,2,5-18,0.000000000
2007,MT,Malta,3,19-64,0.000000000
2007,MT,Malta,4,65+,0.000000000
2007,NL,Netherlands,1,0-4,0.000000000
2007,NL,Netherlands,2,5-18,14.285714286
2007,NL,Netherlands,3,19-64,4.195804196
2007,NL,Netherlands,4,65+,1.646090535
2007,NO,Norway,1,0-4,0.000000000
2007,NO,Norway,2,5-18,0.000000000
2007,NO,Norway,3,19-64,0.000000000
2007,NO,Norway,4,65+,0.000000000
2007,PL,Poland,1,0-4,0.000000000
2007,PL,Poland,3,19-64,0.000000000
2007,PL,Poland,4,65+,0.000000000
2007,PT,Portugal,1,0-4,0.000000000
2007,PT,Portugal,2,5-18,0.000000000
2007,PT,Portugal,3,19-64,7.200000000
2007,PT,Portugal,4,65+,7.575757576
2007,RO,Romania,1,0-4,18.750000000
2007,RO,Romania,2,5-18,0.000000000
2007,RO,Romania,3,19-64,44.444444444
2007,RO,Romania,4,65+,0.000000000
2007,SE,Sweden,1,0-4,0.000000000
2007,SE,Sweden,2,5-18,0.000000000
2007,SE,Sweden,3,19-64,0.000000000
2007,SE,Sweden,4,65+,0.426439232
2007,SI,Slovenia,1,0-4,0.000000000
2007,SI,Slovenia,3,19-64,17.857142857
2007,SI,Slovenia,4,65+,17.117117117
2007,UK,United Kingdom,1,0-4,0.000000000
2007,UK,United Kingdom,2,5-18,0.000000000
2007,UK,United Kingdom,3,19-64,4.301075269
2007,UK,United Kingdom,4,65+,8.500000000
2008,AT,Austria,1,0-4,5.555555556
2008,AT,Austria,2,5-18,0.000000000
2008,AT,Austria,3,19-64,6.806282723
2008,AT,Austria,4,65+,2.168021680
2008,BG,Bulgaria,1,0-4,20.000000000
2008,BG,Bulgaria,2,5-18,66.666666667
2008,BG,Bulgaria,3,19-64,50.000000000
2008,BG,Bulgaria,4,65+,33.333333333
2008,CY,Cyprus,1,0-4,0.000000000
2008,CY,Cyprus,2,5-18,0.000000000
2008,CY,Cyprus,3,19-64,18.750000000
2008,CY,Cyprus,4,65+,14.285714286
2008,CZ,Czechia,1,0-4,6.818181818
2008,CZ,Czechia,2,5-18,37.500000000
2008,CZ,Czechia,3,19-64,34.094616639
2008,CZ,Czechia,4,65+,29.469790382
2008,DE,Germany,1,0-4,0.000000000
2008,DE,Germany,3,19-64,9.677419355
2008,DE,Germany,4,65+,6.790123457
2008,DK,Denmark,1,0-4,0.000000000
2008,DK,Denmark,2,5-18,0.000000000
2008,DK,Denmark,3,19-64,3.791469194
2008,DK,Denmark,4,65+,5.115089514
2008,EE,Estonia,1,0-4,0.000000000
2008,EE,Estonia,3,19-64,3.703703704
2008,EE,Estonia,4,65+,0.000000000
2008,ES,Spain,1,0-4,16.666666667
2008,ES,Spain,2,5-18,0.000000000
2008,ES,Spain,3,19-64,3.686635945
2008,ES,Spain,4,65+,3.703703704
2008,FI,Finland,1,0-4,0.000000000
2008,FI,Finland,3,19-64,2.040816327
2008,FI,Finland,4,65+,0.564971751
2008,FR,France,1,0-4,9.523809524
2008,FR,France,2,5-18,31.578947368
2008,FR,France,3,19-64,15.754923414
2008,FR,France,4,65+,10.766423358
2008,HR,Croatia,1,0-4,13.513513514
2008,HR,Croatia,2,5-18,66.666666667
2008,HR,Croatia,3,19-64,35.433070866
2008,HR,Croatia,4,65+,46.308724832
2008,HU,Hungary,1,0-4,12.121212121
2008,HU,Hungary,2,5-18,14.285714286
2008,HU,Hungary,3,19-64,32.894736842
2008,HU,Hungary,4,65+,25.433526012
2008,IE,Ireland,1,0-4,0.000000000
2008,IE,Ireland,2,5-18,0.000000000
2008,IE,Ireland,3,19-64,5.468750000
2008,IE,Ireland,4,65+,3.289473684
2008,IS,Iceland,3,19-64,9.090909091
2008,IS,Iceland,4,65+,0.000000000
2008,IT,Italy,1,0-4,0.000000000
2008,IT,Italy,2,5-18,33.333333333
2008,IT,Italy,3,19-64,23.437500000
2008,IT,Italy,4,65+,17.241379310
2008,LT,Lithuania,1,0-4,33.333333333
2008,LT,Lithuania,2,5-18,0.000000000
2008,LT,Lithuania,3,19-64,20.000000000
2008,LT,Lithuania,4,65+,16.666666667
2008,LU,Luxembourg,3,19-64,0.000000000
2008,LU,Luxembourg,4,65+,3.448275862
2008,LV,Latvia,1,0-4,0.000000000
2008,LV,Latvia,2,5-18,0.000000000
2008,LV,Latvia,3,19-64,41.176470588
2008,LV,Latvia,4,65+,30.769230769
2008,MT,Malta,1,0-4,0.000000000
2008,MT,Malta,3,19-64,0.000000000
2008,MT,Malta,4,65+,0.000000000
2008,NL,Netherlands,1,0-4,0.000000000
2008,NL,Netherlands,2,5-18,33.333333333
2008,NL,Netherlands,3,19-64,4.812834225
2008,NL,Netherlands,4,65+,2.459016393
2008,NO,Norway,1,0-4,0.000000000
2008,NO,Norway,2,5-18,0.000000000
2008,NO,Norway,3,19-64,1.063829787
2008,NO,Norway,4,65+,0.406504065
2008,PT,Portugal,1,0-4,14.285714286
2008,PT,Portugal,2,5-18,0.000000000
2008,PT,Portugal,3,19-64,12.727272727
2008,PT,Portugal,4,65+,6.190476190
2008,SE,Sweden,1,0-4,0.000000000
2008,SE,Sweden,2,5-18,0.000000000
2008,SE,Sweden,3,19-64,1.117318436
2008,SE,Sweden,4,65+,0.566037736
2008,SI,Slovenia,1,0-4,0.000000000
2008,SI,Slovenia,3,19-64,25.925925926
2008,SI,Slovenia,4,65+,16.326530612
2008,UK,United Kingdom,1,0-4,0.000000000
2008,UK,United Kingdom,2,5-18,0.000000000
2008,UK,United Kingdom,3,19-64,4.938271605
2008,UK,United Kingdom,4,65+,4.678362573
2009,AT,Austria,1,0-4,0.000000000
2009,AT,Austria,3,19-64,2.094240838
2009,AT,Austria,4,65+,2.000000000
2009,BE,Belgium,1,0-4,0.000000000
2009,BE,Belgium,3,19-64,5.714285714
2009,BE,Belgium,4,65+,2.739726027
2009,BG,Bulgaria,1,0-4,13.333333333
2009,BG,Bulgaria,2,5-18,33.333333333
2009,BG,Bulgaria,3,19-64,47.368421053
2009,BG,Bulgaria,4,65+,41.025641026
2009,CY,Cyprus,1,0-4,0.000000000
2009,CY,Cyprus,2,5-18,0.000000000
2009,CY,Cyprus,3,19-64,16.666666667
2009,CY,Cyprus,4,65+,26.086956522
2009,CZ,Czechia,1,0-4,7.407407407
2009,CZ,Czechia,2,5-18,11.111111111
2009,CZ,Czechia,3,19-64,38.741721854
2009,CZ,Czechia,4,65+,33.734939759
2009,DE,Germany,1,0-4,0.000000000
2009,DE,Germany,2,5-18,0.000000000
2009,DE,Germany,3,19-64,10.144927536
2009,DE,Germany,4,65+,6.211180124
2009,DK,Denmark,1,0-4,12.500000000
2009,DK,Denmark,2,5-18,0.000000000
2009,DK,Denmark,3,19-64,7.692307692
2009,DK,Denmark,4,65+,6.349206349
2009,EE,Estonia,1,0-4,0.000000000
2009,EE,Estonia,2,5-18,0.000000000
2009,EE,Estonia,3,19-64,4.347826087
2009,EE,Estonia,4,65+,14.814814815
2009,ES,Spain,1,0-4,0.000000000
2009,ES,Spain,2,5-18,0.000000000
2009,ES,Spain,3,19-64,6.735751295
2009,ES,Spain,4,65+,4.473684211
2009,FI,Finland,1,0-4,0.000000000
2009,FI,Finland,2,5-18,0.000000000
2009,FI,Finland,3,19-64,1.075268817
2009,FI,Finland,4,65+,0.418410042
2009,FR,France,1,0-4,21.875000000
2009,FR,France,2,5-18,18.181818182
2009,FR,France,3,19-64,19.248826291
2009,FR,France,4,65+,11.044776119
2009,HU,Hungary,1,0-4,20.000000000
2009,HU,Hungary,2,5-18,40.000000000
2009,HU,Hungary,3,19-64,27.878787879
2009,HU,Hungary,4,65+,30.921052632
2009,IE,Ireland,1,0-4,0.000000000
2009,IE,Ireland,2,5-18,0.000000000
2009,IE,Ireland,3,19-64,4.511278195
2009,IE,Ireland,4,65+,6.250000000
2009,IS,Iceland,3,19-64,0.000000000
2009,IS,Iceland,4,65+,0.000000000
2009,IT,Italy,1,0-4,0.000000000
2009,IT,Italy,2,5-18,33.333333333
2009,IT,Italy,3,19-64,20.754716981
2009,IT,Italy,4,65+,12.727272727
2009,LT,Lithuania,1,0-4,14.285714286
2009,LT,Lithuania,3,19-64,29.032258065
2009,LT,Lithuania,4,65+,44.444444444
2009,LU,Luxembourg,3,19-64,0.000000000
2009,LU,Luxembourg,4,65+,25.000000000
2009,LV,Latvia,1,0-4,0.000000000
2009,LV,Latvia,3,19-64,27.777777778
2009,LV,Latvia,4,65+,33.333333333
2009,MT,Malta,1,0-4,0.000000000
2009,MT,Malta,3,19-64,0.000000000
2009,MT,Malta,4,65+,0.000000000
2009,NL,Netherlands,1,0-4,0.000000000
2009,NL,Netherlands,2,5-18,0.000000000
2009,NL,Netherlands,3,19-64,0.775193798
2009,NL,Netherlands,4,65+,1.287553648
2009,NO,Norway,1,0-4,0.000000000
2009,NO,Norway,2,5-18,0.000000000
2009,NO,Norway,3,19-64,4.672897196
2009,NO,Norway,4,65+,0.359712230
2009,PL,Poland,1,0-4,14.285714286
2009,PL,Poland,2,5-18,0.000000000
2009,PL,Poland,3,19-64,15.384615385
2009,PL,Poland,4,65+,18.750000000
2009,PT,Portugal,1,0-4,0.000000000
2009,PT,Portugal,2,5-18,0.000000000
2009,PT,Portugal,3,19-64,16.964285714
2009,PT,Portugal,4,65+,13.805970149
2009,SI,Slovenia,1,0-4,20.000000000
2009,SI,Slovenia,3,19-64,20.895522388
2009,SI,Slovenia,4,65+,22.222222222
2009,UK,United Kingdom,1,0-4,8.333333333
2009,UK,United Kingdom,2,5-18,0.000000000
2009,UK,United Kingdom,3,19-64,4.522613065
2009,UK,United Kingdom,4,65+,2.077922078
2010,AT,Austria,1,0-4,0.000000000
2010,AT,Austria,2,5-18,0.000000000
2010,AT,Austria,3,19-64,2.586206897
2010,AT,Austria,4,65+,1.498929336
2010,BE,Belgium,1,0-4,0.000000000
2010,BE,Belgium,3,19-64,0.000000000
2010,BE,Belgium,4,65+,1.428571429
2010,BG,Bulgaria,1,0-4,35.714285714
2010,BG,Bulgaria,2,5-18,50.000000000
2010,BG,Bulgaria,3,19-64,61.904761905
2010,BG,Bulgaria,4,65+,33.333333333
2010,CY,Cyprus,1,0-4,0.000000000
2010,CY,Cyprus,2,5-18,0.000000000
2010,CY,Cyprus,3,19-64,4.166666667
2010,CY,Cyprus,4,65+,30.434782609
2010,CZ,Czechia,1,0-4,10.000000000
2010,CZ,Czechia,2,5-18,28.571428571
2010,CZ,Czechia,3,19-64,37.169811321
2010,CZ,Czechia,4,65+,35.565476190
2010,DE,Germany,1,0-4,0.000000000
2010,DE,Germany,2,5-18,0.000000000
2010,DE,Germany,3,19-64,10.687022901
2010,DE,Germany,4,65+,6.666666667
2010,DK,Denmark,1,0-4,7.692307692
2010,DK,Denmark,2,5-18,0.000000000
2010,DK,Denmark,3,19-64,7.329842932
2010,DK,Denmark,4,65+,4.347826087
2010,EE,Estonia,1,0-4,0.000000000
2010,EE,Estonia,3,19-64,25.000000000
2010,EE,Estonia,4,65+,11.111111111
2010,ES,Spain,1,0-4,1.980198020
2010,ES,Spain,2,5-18,0.000000000
2010,ES,Spain,3,19-64,5.970149254
2010,ES,Spain,4,65+,4.524180967
2010,FI,Finland,1,0-4,0.000000000
2010,FI,Finland,2,5-18,0.000000000
2010,FI,Finland,3,19-64,0.909090909
2010,FI,Finland,4,65+,1.587301587
2010,FR,France,1,0-4,3.703703704
2010,FR,France,2,5-18,22.222222222
2010,FR,France,3,19-64,17.464788732
2010,FR,France,4,65+,12.321660182
2010,HR,Croatia,1,0-4,6.896551724
2010,HR,Croatia,2,5-18,0.000000000
2010,HR,Croatia,3,19-64,40.517241379
2010,HR,Croatia,4,65+,36.283185841
2010,HU,Hungary,1,0-4,3.846153846
2010,HU,Hungary,2,5-18,0.000000000
2010,HU,Hungary,3,19-64,41.964285714
2010,HU,Hungary,4,65+,38.461538462
2010,IE,Ireland,1,0-4,0.000000000
2010,IE,Ireland,2,5-18,0.000000000
2010,IE,Ireland,3,19-64,0.653594771
2010,IE,Ireland,4,65+,3.973509934
2010,IS,Iceland,3,19-64,0.000000000
2010,IS,Iceland,4,65+,0.000000000
2010,IT,Italy,1,0-4,9.090909091
2010,IT,Italy,2,5-18,40.000000000
2010,IT,Italy,3,19-64,19.727891156
2010,IT,Italy,4,65+,23.920265781
2010,LT,Lithuania,1,0-4,11.111111111
2010,LT,Lithuania,2,5-18,0.000000000
2010,LT,Lithuania,3,19-64,28.000000000
2010,LT,Lithuania,4,65+,40.000000000
2010,LU,Luxembourg,1,0-4,0.000000000
2010,LU,Luxembourg,3,19-64,10.000000000
2010,LU,Luxembourg,4,65+,2.083333333
2010,LV,Latvia,1,0-4,38.461538462
2010,LV,Latvia,2,5-18,0.000000000
2010,LV,Latvia,3,19-64,51.612903226
2010,LV,Latvia,4,65+,52.941176471
2010,MT,Malta,1,0-4,0.000000000
2010,MT,Malta,2,5-18,0.000000000
2010,MT,Malta,3,19-64,18.750000000
2010,MT,Malta,4,65+,0.000000000
2010,NL,Netherlands,1,0-4,0.000000000
2010,NL,Netherlands,2,5-18,0.000000000
2010,NL,Netherlands,3,19-64,5.952380952
2010,NL,Netherlands,4,65+,2.728731942
2010,NO,Norway,1,0-4,0.000000000
2010,NO,Norway,2,5-18,0.000000000
2010,NO,Norway,3,19-64,2.127659574
2010,NO,Norway,4,65+,0.634920635
2010,PL,Poland,1,0-4,20.000000000
2010,PL,Poland,2,5-18,0.000000000
2010,PL,Poland,3,19-64,21.782178218
2010,PL,Poland,4,65+,30.985915493
2010,PT,Portugal,1,0-4,13.333333333
2010,PT,Portugal,2,5-18,25.000000000
2010,PT,Portugal,3,19-64,17.874396135
2010,PT,Portugal,4,65+,20.807453416
2010,SE,Sweden,1,0-4,0.000000000
2010,SE,Sweden,2,5-18,0.000000000
2010,SE,Sweden,3,19-64,1.587301587
2010,SE,Sweden,4,65+,0.587084149
2010,SI,Slovenia,1,0-4,0.000000000
2010,SI,Slovenia,2,5-18,20.000000000
2010,SI,Slovenia,3,19-64,16.129032258
2010,SI,Slovenia,4,65+,19.354838710
2010,UK,United Kingdom,1,0-4,9.090909091
2010,UK,United Kingdom,2,5-18,0.000000000
2010,UK,United Kingdom,3,19-64,0.990099010
2010,UK,United Kingdom,4,65+,4.430379747
2011,AT,Austria,1,0-4,0.000000000
2011,AT,Austria,2,5-18,33.333333333
2011,AT,Austria,3,19-64,3.493449782
2011,AT,Austria,4,65+,3.932584270
2011,BE,Belgium,1,0-4,0.000000000
2011,BE,Belgium,2,5-18,0.000000000
2011,BE,Belgium,3,19-64,5.434782609
2011,BE,Belgium,4,65+,5.940594059
2011,BG,Bulgaria,1,0-4,44.444444444
2011,BG,Bulgaria,2,5-18,0.000000000
2011,BG,Bulgaria,3,19-64,60.526315789
2011,BG,Bulgaria,4,65+,36.666666667
2011,CY,Cyprus,2,5-18,0.000000000
2011,CY,Cyprus,3,19-64,21.428571429
2011,CY,Cyprus,4,65+,21.428571429
2011,CZ,Czechia,1,0-4,5.555555556
2011,CZ,Czechia,2,5-18,33.333333333
2011,CZ,Czechia,3,19-64,42.471042471
2011,CZ,Czechia,4,65+,31.880108992
2011,DE,Germany,1,0-4,0.000000000
2011,DE,Germany,2,5-18,0.000000000
2011,DE,Germany,3,19-64,7.913669065
2011,DE,Germany,4,65+,6.944444444
2011,DK,Denmark,1,0-4,0.000000000
2011,DK,Denmark,2,5-18,7.692307692
2011,DK,Denmark,3,19-64,4.901960784
2011,DK,Denmark,4,65+,4.914004914
2011,EE,Estonia,1,0-4,0.000000000
2011,EE,Estonia,3,19-64,12.000000000
2011,EE,Estonia,4,65+,31.250000000
2011,ES,Spain,1,0-4,1.123595506
2011,ES,Spain,2,5-18,0.000000000
2011,ES,Spain,3,19-64,11.627906977
2011,ES,Spain,4,65+,7.219662058
2011,FI,Finland,1,0-4,0.000000000
2011,FI,Finland,2,5-18,0.000000000
2011,FI,Finland,3,19-64,3.092783505
2011,FI,Finland,4,65+,0.666666667
2011,FR,France,1,0-4,15.384615385
2011,FR,France,2,5-18,27.272727273
2011,FR,France,3,19-64,20.334620335
2011,FR,France,4,65+,16.069221261
2011,HR,Croatia,1,0-4,22.500000000
2011,HR,Croatia,2,5-18,14.285714286
2011,HR,Croatia,3,19-64,33.684210526
2011,HR,Croatia,4,65+,32.167832168
2011,HU,Hungary,1,0-4,41.025641026
2011,HU,Hungary,2,5-18,25.000000000
2011,HU,Hungary,3,19-64,48.044692737
2011,HU,Hungary,4,65+,45.641025641
2011,IE,Ireland,1,0-4,20.000000000
2011,IE,Ireland,2,5-18,0.000000000
2011,IE,Ireland,3,19-64,2.290076336
2011,IE,Ireland,4,65+,3.048780488
2011,IS,Iceland,3,19-64,0.000000000
2011,IS,Iceland,4,65+,0.000000000
2011,IT,Italy,1,0-4,10.714285714
2011,IT,Italy,2,5-18,25.000000000
2011,IT,Italy,3,19-64,34.710743802
2011,IT,Italy,4,65+,34.920634921
2011,LT,Lithuania,1,0-4,0.000000000
2011,LT,Lithuania,2,5-18,100.000000000
2011,LT,Lithuania,3,19-64,38.983050847
2011,LT,Lithuania,4,65+,46.478873239
2011,LU,Luxembourg,1,0-4,60.000000000
2011,LU,Luxembourg,3,19-64,36.842105263
2011,LU,Luxembourg,4,65+,12.500000000
2011,LV,Latvia,1,0-4,16.666666667
2011,LV,Latvia,2,5-18,100.000000000
2011,LV,Latvia,3,19-64,35.483870968
2011,LV,Latvia,4,65+,33.333333333
2011,MT,Malta,1,0-4,0.000000000
2011,MT,Malta,3,19-64,5.000000000
2011,MT,Malta,4,65+,3.333333333
2011,NL,Netherlands,1,0-4,0.000000000
2011,NL,Netherlands,2,5-18,25.000000000
2011,NL,Netherlands,3,19-64,5.617977528
2011,NL,Netherlands,4,65+,2.896081772
2011,NO,Norway,1,0-4,0.000000000
2011,NO,Norway,2,5-18,0.000000000
2011,NO,Norway,3,19-64,1.801801802
2011,NO,Norway,4,65+,0.389105058
2011,PL,Poland,1,0-4,8.333333333
2011,PL,Poland,2,5-18,20.000000000
2011,PL,Poland,3,19-64,38.582677165
2011,PL,Poland,4,65+,38.888888889
2011,PT,Portugal,1,0-4,24.000000000
2011,PT,Portugal,2,5-18,37.500000000
2011,PT,Portugal,3,19-64,21.739130435
2011,PT,Portugal,4,65+,21.726190476
2011,SE,Sweden,1,0-4,0.000000000
2011,SE,Sweden,2,5-18,12.500000000
2011,SE,Sweden,3,19-64,1.769911504
2011,SE,Sweden,4,65+,0.469483568
2011,SI,Slovenia,1,0-4,0.000000000
2011,SI,Slovenia,2,5-18,0.000000000
2011,SI,Slovenia,3,19-64,20.253164557
2011,SI,Slovenia,4,65+,20.833333333
2011,SK,Slovakia,1,0-4,58.139534884
2011,SK,Slovakia,2,5-18,41.666666667
2011,SK,Slovakia,3,19-64,68.020304569
2011,SK,Slovakia,4,65+,58.767772512
2011,UK,United Kingdom,1,0-4,3.125000000
2011,UK,United Kingdom,2,5-18,0.000000000
2011,UK,United Kingdom,3,19-64,1.736111111
2011,UK,United Kingdom,4,65+,2.233676976
2012,AT,Austria,1,0-4,0.000000000
2012,AT,Austria,2,5-18,0.000000000
2012,AT,Austria,3,19-64,4.000000000
2012,AT,Austria,4,65+,4.042179262
2012,BE,Belgium,1,0-4,14.285714286
2012,BE,Belgium,2,5-18,50.000000000
2012,BE,Belgium,3,19-64,8.035714286
2012,BE,Belgium,4,65+,8.275862069
2012,BG,Bulgaria,1,0-4,38.461538462
2012,BG,Bulgaria,2,5-18,28.571428571
2012,BG,Bulgaria,3,19-64,45.833333333
2012,BG,Bulgaria,4,65+,39.024390244
2012,CY,Cyprus,1,0-4,0.000000000
2012,CY,Cyprus,2,5-18,0.000000000
2012,CY,Cyprus,3,19-64,12.500000000
2012,CY,Cyprus,4,65+,8.695652174
2012,CZ,Czechia,1,0-4,22.857142857
2012,CZ,Czechia,2,5-18,50.000000000
2012,CZ,Czechia,3,19-64,44.464944649
2012,CZ,Czechia,4,65+,40.786240786
2012,DE,Germany,1,0-4,0.000000000
2012,DE,Germany,2,5-18,0.000000000
2012,DE,Germany,3,19-64,8.571428571
2012,DE,Germany,4,65+,5.555555556
2012,DK,Denmark,1,0-4,20.000000000
2012,DK,Denmark,2,5-18,0.000000000
2012,DK,Denmark,3,19-64,3.954802260
2012,DK,Denmark,4,65+,2.557544757
2012,EE,Estonia,1,0-4,0.000000000
2012,EE,Estonia,2,5-18,0.000000000
2012,EE,Estonia,3,19-64,12.195121951
2012,EE,Estonia,4,65+,11.111111111
2012,ES,Spain,1,0-4,6.493506494
2012,ES,Spain,2,5-18,0.000000000
2012,ES,Spain,3,19-64,9.068627451
2012,ES,Spain,4,65+,9.077155825
2012,FI,Finland,1,0-4,0.000000000
2012,FI,Finland,2,5-18,0.000000000
2012,FI,Finland,3,19-64,0.680272109
2012,FI,Finland,4,65+,0.000000000
2012,FR,France,1,0-4,4.545454545
2012,FR,France,2,5-18,44.444444444
2012,FR,France,3,19-64,21.673003802
2012,FR,France,4,65+,16.883116883
2012,HR,Croatia,1,0-4,20.000000000
2012,HR,Croatia,2,5-18,62.500000000
2012,HR,Croatia,3,19-64,35.156250000
2012,HR,Croatia,4,65+,28.025477707
2012,HU,Hungary,1,0-4,7.692307692
2012,HU,Hungary,2,5-18,0.000000000
2012,HU,Hungary,3,19-64,38.461538462
2012,HU,Hungary,4,65+,41.125541126
2012,IE,Ireland,1,0-4,7.142857143
2012,IE,Ireland,2,5-18,0.000000000
2012,IE,Ireland,3,19-64,5.594405594
2012,IE,Ireland,4,65+,1.197604790
2012,LT,Lithuania,1,0-4,62.500000000
2012,LT,Lithuania,2,5-18,50.000000000
2012,LT,Lithuania,3,19-64,50.000000000
2012,LT,Lithuania,4,65+,53.125000000
2012,LU,Luxembourg,1,0-4,100.000000000
2012,LU,Luxembourg,3,19-64,25.000000000
2012,LU,Luxembourg,4,65+,15.151515152
2012,LV,Latvia,1,0-4,16.666666667
2012,LV,Latvia,2,5-18,0.000000000
2012,LV,Latvia,3,19-64,46.153846154
2012,LV,Latvia,4,65+,43.750000000
2012,MT,Malta,1,0-4,0.000000000
2012,MT,Malta,3,19-64,15.789473684
2012,MT,Malta,4,65+,22.222222222
2012,NL,Netherlands,1,0-4,9.090909091
2012,NL,Netherlands,3,19-64,2.898550725
2012,NL,Netherlands,4,65+,2.469135802
2012,NO,Norway,1,0-4,0.000000000
2012,NO,Norway,2,5-18,0.000000000
2012,NO,Norway,3,19-64,1.242236025
2012,NO,Norway,4,65+,1.654846336
2012,PL,Poland,1,0-4,35.714285714
2012,PL,Poland,2,5-18,33.333333333
2012,PL,Poland,3,19-64,49.673202614
2012,PL,Poland,4,65+,52.409638554
2012,PT,Portugal,1,0-4,10.810810811
2012,PT,Portugal,2,5-18,21.428571429
2012,PT,Portugal,3,19-64,27.645051195
2012,PT,Portugal,4,65+,24.768518519
2012,RO,Romania,1,0-4,9.090909091
2012,RO,Romania,2,5-18,0.000000000
2012,RO,Romania,3,19-64,56.818181818
2012,RO,Romania,4,65+,37.500000000
2012,SE,Sweden,1,0-4,0.000000000
2012,SE,Sweden,2,5-18,14.285714286
2012,SE,Sweden,3,19-64,1.818181818
2012,SE,Sweden,4,65+,1.222826087
2012,SI,Slovenia,1,0-4,0.000000000
2012,SI,Slovenia,2,5-18,0.000000000
2012,SI,Slovenia,3,19-64,23.333333333
2012,SI,Slovenia,4,65+,14.649681529
2012,SK,Slovakia,1,0-4,50.000000000
2012,SK,Slovakia,2,5-18,30.000000000
2012,SK,Slovakia,3,19-64,54.491017964
2012,SK,Slovakia,4,65+,57.978723404
2012,UK,United Kingdom,1,0-4,0.000000000
2012,UK,United Kingdom,2,5-18,10.000000000
2012,UK,United Kingdom,3,19-64,2.641509434
2012,UK,United Kingdom,4,65+,2.131147541
2013,AT,Austria,1,0-4,0.000000000
2013,AT,Austria,2,5-18,0.000000000
2013,AT,Austria,3,19-64,5.639097744
2013,AT,Austria,4,65+,2.688172043
2013,BE,Belgium,1,0-4,0.000000000
2013,BE,Belgium,2,5-18,0.000000000
2013,BE,Belgium,3,19-64,6.666666667
2013,BE,Belgium,4,65+,9.265175719
2013,BG,Bulgaria,1,0-4,33.333333333
2013,BG,Bulgaria,2,5-18,0.000000000
2013,BG,Bulgaria,3,19-64,48.780487805
2013,BG,Bulgaria,4,65+,34.146341463
2013,CY,Cyprus,1,0-4,0.000000000
2013,CY,Cyprus,3,19-64,0.000000000
2013,CY,Cyprus,4,65+,0.000000000
2013,CZ,Czechia,1,0-4,24.137931034
2013,CZ,Czechia,2,5-18,42.857142857
2013,CZ,Czechia,3,19-64,42.212189616
2013,CZ,Czechia,4,65+,36.576354680
2013,DE,Germany,1,0-4,0.000000000
2013,DE,Germany,2,5-18,50.000000000
2013,DE,Germany,3,19-64,11.111111111
2013,DE,Germany,4,65+,5.492424242
2013,DK,Denmark,1,0-4,25.000000000
2013,DK,Denmark,2,5-18,0.000000000
2013,DK,Denmark,3,19-64,2.531645570
2013,DK,Denmark,4,65+,3.672316384
2013,EE,Estonia,1,0-4,0.000000000
2013,EE,Estonia,2,5-18,50.000000000
2013,EE,Estonia,3,19-64,7.407407407
2013,EE,Estonia,4,65+,9.259259259
2013,ES,Spain,1,0-4,3.389830508
2013,ES,Spain,2,5-18,0.000000000
2013,ES,Spain,3,19-64,13.725490196
2013,ES,Spain,4,65+,10.643889619
2013,FI,Finland,1,0-4,0.000000000
2013,FI,Finland,2,5-18,0.000000000
2013,FI,Finland,3,19-64,0.709219858
2013,FI,Finland,4,65+,0.273972603
2013,FR,France,1,0-4,16.000000000
2013,FR,France,2,5-18,11.764705882
2013,FR,France,3,19-64,23.809523810
2013,FR,France,4,65+,22.400000000
2013,HR,Croatia,1,0-4,10.256410256
2013,HR,Croatia,2,5-18,0.000000000
2013,HR,Croatia,3,19-64,35.971223022
2013,HR,Croatia,4,65+,29.729729730
2013,HU,Hungary,1,0-4,11.764705882
2013,HU,Hungary,2,5-18,27.586206897
2013,HU,Hungary,3,19-64,33.490566038
2013,HU,Hungary,4,65+,35.102040816
2013,IE,Ireland,1,0-4,0.000000000
2013,IE,Ireland,2,5-18,0.000000000
2013,IE,Ireland,3,19-64,6.557377049
2013,IE,Ireland,4,65+,8.947368421
2013,IS,Iceland,3,19-64,0.000000000
2013,IS,Iceland,4,65+,0.000000000
2013,IT,Italy,1,0-4,25.000000000
2013,IT,Italy,2,5-18,50.000000000
2013,IT,Italy,3,19-64,36.363636364
2013,IT,Italy,4,65+,33.786848073
2013,LT,Lithuania,1,0-4,66.666666667
2013,LT,Lithuania,2,5-18,50.000000000
2013,LT,Lithuania,3,19-64,24.137931034
2013,LT,Lithuania,4,65+,38.271604938
2013,LU,Luxembourg,2,5-18,100.000000000
2013,LU,Luxembourg,3,19-64,16.666666667
2013,LU,Luxembourg,4,65+,14.705882353
2013,LV,Latvia,1,0-4,0.000000000
2013,LV,Latvia,2,5-18,0.000000000
2013,LV,Latvia,3,19-64,36.734693878
2013,LV,Latvia,4,65+,48.571428571
2013,MT,Malta,1,0-4,0.000000000
2013,MT,Malta,3,19-64,18.518518519
2013,MT,Malta,4,65+,23.076923077
2013,NL,Netherlands,1,0-4,0.000000000
2013,NL,Netherlands,2,5-18,0.000000000
2013,NL,Netherlands,3,19-64,2.941176471
2013,NL,Netherlands,4,65+,2.834008097
2013,NO,Norway,1,0-4,0.000000000
2013,NO,Norway,2,5-18,20.000000000
2013,NO,Norway,3,19-64,2.531645570
2013,NO,Norway,4,65+,1.342281879
2013,PL,Poland,1,0-4,20.000000000
2013,PL,Poland,2,5-18,40.000000000
2013,PL,Poland,3,19-64,58.181818182
2013,PL,Poland,4,65+,52.000000000
2013,PT,Portugal,1,0-4,10.000000000
2013,PT,Portugal,2,5-18,20.000000000
2013,PT,Portugal,3,19-64,23.853211009
2013,PT,Portugal,4,65+,21.229050279
2013,RO,Romania,1,0-4,25.000000000
2013,RO,Romania,3,19-64,43.000000000
2013,RO,Romania,4,65+,52.000000000
2013,SE,Sweden,1,0-4,4.761904762
2013,SE,Sweden,2,5-18,0.000000000
2013,SE,Sweden,3,19-64,2.500000000
2013,SE,Sweden,4,65+,1.348314607
2013,SI,Slovenia,1,0-4,0.000000000
2013,SI,Slovenia,2,5-18,0.000000000
2013,SI,Slovenia,3,19-64,10.958904110
2013,SI,Slovenia,4,65+,19.375000000
2013,SK,Slovakia,1,0-4,0.000000000
2013,SK,Slovakia,2,5-18,50.000000000
2013,SK,Slovakia,3,19-64,62.439024390
2013,SK,Slovakia,4,65+,55.555555556
2013,UK,United Kingdom,1,0-4,0.000000000
2013,UK,United Kingdom,2,5-18,22.222222222
2013,UK,United Kingdom,3,19-64,3.470031546
2013,UK,United Kingdom,4,65+,5.314685315
2014,AT,Austria,1,0-4,0.000000000
2014,AT,Austria,2,5-18,0.000000000
2014,AT,Austria,3,19-64,5.633802817
2014,AT,Austria,4,65+,2.188552189
2014,BE,Belgium,1,0-4,0.000000000
2014,BE,Belgium,2,5-18,0.000000000
2014,BE,Belgium,3,19-64,8.256880734
2014,BE,Belgium,4,65+,7.894736842
2014,BG,Bulgaria,1,0-4,33.333333333
2014,BG,Bulgaria,2,5-18,33.333333333
2014,BG,Bulgaria,3,19-64,60.416666667
2014,BG,Bulgaria,4,65+,31.372549020
2014,CY,Cyprus,1,0-4,0.000000000
2014,CY,Cyprus,2,5-18,0.000000000
2014,CY,Cyprus,3,19-64,19.230769231
2014,CY,Cyprus,4,65+,16.216216216
2014,CZ,Czechia,1,0-4,25.000000000
2014,CZ,Czechia,2,5-18,18.181818182
2014,CZ,Czechia,3,19-64,38.216560510
2014,CZ,Czechia,4,65+,39.746543779
2014,DE,Germany,1,0-4,0.000000000
2014,DE,Germany,2,5-18,0.000000000
2014,DE,Germany,3,19-64,5.833333333
2014,DE,Germany,4,65+,5.307262570
2014,DK,Denmark,1,0-4,25.000000000
2014,DK,Denmark,2,5-18,0.000000000
2014,DK,Denmark,3,19-64,2.661596958
2014,DK,Denmark,4,65+,3.201219512
2014,EE,Estonia,1,0-4,0.000000000
2014,EE,Estonia,3,19-64,2.040816327
2014,EE,Estonia,4,65+,18.181818182
2014,ES,Spain,1,0-4,5.970149254
2014,ES,Spain,2,5-18,0.000000000
2014,ES,Spain,3,19-64,12.500000000
2014,ES,Spain,4,65+,9.263959391
2014,FI,Finland,1,0-4,0.000000000
2014,FI,Finland,2,5-18,0.000000000
2014,FI,Finland,3,19-64,0.719424460
2014,FI,Finland,4,65+,1.694915254
2014,FR,France,1,0-4,10.810810811
2014,FR,France,2,5-18,21.428571429
2014,FR,France,3,19-64,25.085910653
2014,FR,France,4,65+,22.898799314
2014,HR,Croatia,1,0-4,14.634146341
2014,HR,Croatia,2,5-18,11.111111111
2014,HR,Croatia,3,19-64,33.333333333
2014,HR,Croatia,4,65+,33.701657459
2014,HU,Hungary,1,0-4,10.714285714
2014,HU,Hungary,2,5-18,16.666666667
2014,HU,Hungary,3,19-64,27.058823529
2014,HU,Hungary,4,65+,33.228840125
2014,IE,Ireland,1,0-4,18.181818182
2014,IE,Ireland,2,5-18,0.000000000
2014,IE,Ireland,3,19-64,8.474576271
2014,IE,Ireland,4,65+,6.334841629
2014,IS,Iceland,3,19-64,0.000000000
2014,IS,Iceland,4,65+,0.000000000
2014,LT,Lithuania,1,0-4,33.333333333
2014,LT,Lithuania,2,5-18,0.000000000
2014,LT,Lithuania,3,19-64,31.481481481
2014,LT,Lithuania,4,65+,38.709677419
2014,LU,Luxembourg,1,0-4,0.000000000
2014,LU,Luxembourg,3,19-64,27.272727273
2014,LU,Luxembourg,4,65+,11.904761905
2014,LV,Latvia,1,0-4,0.000000000
2014,LV,Latvia,3,19-64,40.384615385
2014,LV,Latvia,4,65+,43.137254902
2014,MT,Malta,1,0-4,0.000000000
2014,MT,Malta,3,19-64,18.750000000
2014,MT,Malta,4,65+,28.125000000
2014,NL,Netherlands,1,0-4,0.000000000
2014,NL,Netherlands,2,5-18,20.000000000
2014,NL,Netherlands,3,19-64,1.904761905
2014,NL,Netherlands,4,65+,2.281368821
2014,NO,Norway,1,0-4,0.000000000
2014,NO,Norway,2,5-18,33.333333333
2014,NO,Norway,3,19-64,2.083333333
2014,NO,Norway,4,65+,4.411764706
2014,PL,Poland,1,0-4,50.000000000
2014,PL,Poland,3,19-64,54.106280193
2014,PL,Poland,4,65+,55.309734513
2014,PT,Portugal,1,0-4,11.764705882
2014,PT,Portugal,2,5-18,26.666666667
2014,PT,Portugal,3,19-64,26.094890511
2014,PT,Portugal,4,65+,21.428571429
2014,RO,Romania,1,0-4,36.842105263
2014,RO,Romania,2,5-18,50.000000000
2014,RO,Romania,3,19-64,54.887218045
2014,RO,Romania,4,65+,62.365591398
2014,SE,Sweden,1,0-4,0.000000000
2014,SE,Sweden,2,5-18,0.000000000
2014,SE,Sweden,3,19-64,2.068965517
2014,SE,Sweden,4,65+,1.265822785
2014,SI,Slovenia,1,0-4,0.000000000
2014,SI,Slovenia,2,5-18,33.333333333
2014,SI,Slovenia,3,19-64,21.739130435
2014,SI,Slovenia,4,65+,17.834394904
2014,SK,Slovakia,1,0-4,83.018867925
2014,SK,Slovakia,2,5-18,54.545454545
2014,SK,Slovakia,3,19-64,65.024630542
2014,SK,Slovakia,4,65+,57.522123894
2014,UK,United Kingdom,1,0-4,9.523809524
2014,UK,United Kingdom,2,5-18,0.000000000
2014,UK,United Kingdom,3,19-64,2.564102564
2014,UK,United Kingdom,4,65+,3.148425787
2015,AT,Austria,1,0-4,9.090909091
2015,AT,Austria,2,5-18,0.000000000
2015,AT,Austria,3,19-64,3.600000000
2015,AT,Austria,4,65+,3.125000000
2015,BE,Belgium,1,0-4,0.000000000
2015,BE,Belgium,3,19-64,7.954545455
2015,BE,Belgium,4,65+,9.961685824
2015,BG,Bulgaria,1,0-4,30.769230769
2015,BG,Bulgaria,2,5-18,100.000000000
2015,BG,Bulgaria,3,19-64,23.333333333
2015,BG,Bulgaria,4,65+,43.478260870
2015,CY,Cyprus,1,0-4,0.000000000
2015,CY,Cyprus,3,19-64,23.529411765
2015,CY,Cyprus,4,65+,15.789473684
2015,CZ,Czechia,1,0-4,20.833333333
2015,CZ,Czechia,2,5-18,22.222222222
2015,CZ,Czechia,3,19-64,45.739910314
2015,CZ,Czechia,4,65+,40.234791889
2015,DE,Germany,1,0-4,0.000000000
2015,DE,Germany,2,5-18,0.000000000
2015,DE,Germany,3,19-64,3.685503686
2015,DE,Germany,4,65+,3.043478261
2015,DK,Denmark,1,0-4,100.000000000
2015,DK,Denmark,2,5-18,0.000000000
2015,DK,Denmark,3,19-64,1.593625498
2015,DK,Denmark,4,65+,0.745156483
2015,EE,Estonia,1,0-4,0.000000000
2015,EE,Estonia,3,19-64,14.285714286
2015,EE,Estonia,4,65+,30.000000000
2015,ES,Spain,1,0-4,9.836065574
2015,ES,Spain,2,5-18,13.333333333
2015,ES,Spain,3,19-64,12.623274162
2015,ES,Spain,4,65+,11.283185841
2015,FI,Finland,1,0-4,0.000000000
2015,FI,Finland,2,5-18,0.000000000
2015,FI,Finland,3,19-64,1.438848921
2015,FI,Finland,4,65+,1.043841336
2015,FR,France,1,0-4,13.513513514
2015,FR,France,2,5-18,22.222222222
2015,FR,France,3,19-64,28.070175439
2015,FR,France,4,65+,25.531914894
2015,HR,Croatia,1,0-4,6.250000000
2015,HR,Croatia,2,5-18,14.285714286
2015,HR,Croatia,3,19-64,39.490445860
2015,HR,Croatia,4,65+,30.000000000
2015,HU,Hungary,1,0-4,13.043478261
2015,HU,Hungary,2,5-18,8.333333333
2015,HU,Hungary,3,19-64,27.509293680
2015,HU,Hungary,4,65+,35.040431267
2015,IE,Ireland,1,0-4,12.500000000
2015,IE,Ireland,2,5-18,0.000000000
2015,IE,Ireland,3,19-64,7.142857143
2015,IE,Ireland,4,65+,7.200000000
2015,IS,Iceland,1,0-4,0.000000000
2015,IS,Iceland,3,19-64,0.000000000
2015,IS,Iceland,4,65+,0.000000000
2015,IT,Italy,1,0-4,20.547945205
2015,IT,Italy,2,5-18,35.714285714
2015,IT,Italy,3,19-64,32.311977716
2015,IT,Italy,4,65+,29.239766082
2015,LT,Lithuania,3,19-64,32.786885246
2015,LT,Lithuania,4,65+,43.589743590
2015,LU,Luxembourg,1,0-4,0.000000000
2015,LU,Luxembourg,3,19-64,23.076923077
2015,LU,Luxembourg,4,65+,10.869565217
2015,LV,Latvia,1,0-4,0.000000000
2015,LV,Latvia,3,19-64,41.818181818
2015,LV,Latvia,4,65+,37.500000000
2015,MT,Malta,1,0-4,0.000000000
2015,MT,Malta,2,5-18,0.000000000
2015,MT,Malta,3,19-64,18.181818182
2015,MT,Malta,4,65+,15.000000000
2015,NL,Netherlands,1,0-4,5.000000000
2015,NL,Netherlands,2,5-18,28.571428571
2015,NL,Netherlands,3,19-64,2.108433735
2015,NL,Netherlands,4,65+,3.933253874
2015,NO,Norway,1,0-4,0.000000000
2015,NO,Norway,2,5-18,0.000000000
2015,NO,Norway,3,19-64,1.694915254
2015,NO,Norway,4,65+,2.539062500
2015,PL,Poland,1,0-4,44.827586207
2015,PL,Poland,2,5-18,40.000000000
2015,PL,Poland,3,19-64,54.577464789
2015,PL,Poland,4,65+,54.658385093
2015,PT,Portugal,1,0-4,11.764705882
2015,PT,Portugal,2,5-18,18.181818182
2015,PT,Portugal,3,19-64,25.409836066
2015,PT,Portugal,4,65+,25.602409639
2015,RO,Romania,1,0-4,23.076923077
2015,RO,Romania,2,5-18,0.000000000
2015,RO,Romania,3,19-64,54.471544715
2015,RO,Romania,4,65+,53.271028037
2015,SE,Sweden,1,0-4,0.000000000
2015,SE,Sweden,2,5-18,0.000000000
2015,SE,Sweden,3,19-64,3.317535545
2015,SE,Sweden,4,65+,1.410658307
2015,SI,Slovenia,1,0-4,0.000000000
2015,SI,Slovenia,2,5-18,20.000000000
2015,SI,Slovenia,3,19-64,19.402985075
2015,SI,Slovenia,4,65+,16.352201258
2015,SK,Slovakia,1,0-4,59.259259259
2015,SK,Slovakia,2,5-18,25.000000000
2015,SK,Slovakia,3,19-64,62.711864407
2015,SK,Slovakia,4,65+,59.126984127
2015,UK,United Kingdom,1,0-4,16.000000000
2015,UK,United Kingdom,2,5-18,0.000000000
2015,UK,United Kingdom,3,19-64,3.968253968
2015,UK,United Kingdom,4,65+,3.864734300
2016,AT,Austria,1,0-4,5.263157895
2016,AT,Austria,2,5-18,0.000000000
2016,AT,Austria,3,19-64,4.702194357
2016,AT,Austria,4,65+,3.071253071
2016,BE,Belgium,1,0-4,0.000000000
2016,BE,Belgium,2,5-18,33.333333333
2016,BE,Belgium,3,19-64,9.734513274
2016,BE,Belgium,4,65+,8.905852417
2016,BG,Bulgaria,1,0-4,15.000000000
2016,BG,Bulgaria,2,5-18,50.000000000
2016,BG,Bulgaria,3,19-64,48.888888889
2016,BG,Bulgaria,4,65+,57.142857143
2016,CY,Cyprus,1,0-4,0.000000000
2016,CY,Cyprus,2,5-18,0.000000000
2016,CY,Cyprus,3,19-64,15.789473684
2016,CY,Cyprus,4,65+,23.255813953
2016,CZ,Czechia,1,0-4,22.222222222
2016,CZ,Czechia,2,5-18,61.538461538
2016,CZ,Czechia,3,19-64,42.957746479
2016,CZ,Czechia,4,65+,40.087145969
2016,DE,Germany,1,0-4,0.000000000
2016,DE,Germany,2,5-18,0.000000000
2016,DE,Germany,3,19-64,6.586021505
2016,DE,Germany,4,65+,4.997788589
2016,DK,Denmark,1,0-4,0.000000000
2016,DK,Denmark,2,5-18,0.000000000
2016,DK,Denmark,3,19-64,2.205882353
2016,DK,Denmark,4,65+,1.206272618
2016,EE,Estonia,1,0-4,0.000000000
2016,EE,Estonia,2,5-18,0.000000000
2016,EE,Estonia,3,19-64,15.000000000
2016,EE,Estonia,4,65+,18.333333333
2016,ES,Spain,1,0-4,9.090909091
2016,ES,Spain,2,5-18,20.000000000
2016,ES,Spain,3,19-64,14.202334630
2016,ES,Spain,4,65+,11.682242991
2016,FI,Finland,1,0-4,0.000000000
2016,FI,Finland,2,5-18,0.000000000
2016,FI,Finland,3,19-64,2.222222222
2016,FI,Finland,4,65+,0.932835821
2016,FR,France,1,0-4,24.074074074
2016,FR,France,2,5-18,22.727272727
2016,FR,France,3,19-64,20.833333333
2016,FR,France,4,65+,21.877309682
2016,HR,Croatia,1,0-4,16.666666667
2016,HR,Croatia,2,5-18,25.000000000
2016,HR,Croatia,3,19-64,28.282828283
2016,HR,Croatia,4,65+,28.901734104
2016,HU,Hungary,1,0-4,18.421052632
2016,HU,Hungary,2,5-18,25.000000000
2016,HU,Hungary,3,19-64,30.604982206
2016,HU,Hungary,4,65+,30.989583333
2016,IE,Ireland,1,0-4,0.000000000
2016,IE,Ireland,2,5-18,0.000000000
2016,IE,Ireland,3,19-64,5.263157895
2016,IE,Ireland,4,65+,6.271777003
2016,IS,Iceland,3,19-64,0.000000000
2016,IS,Iceland,4,65+,0.000000000
2016,IT,Italy,1,0-4,39.705882353
2016,IT,Italy,2,5-18,20.689655172
2016,IT,Italy,3,19-64,36.179775281
2016,IT,Italy,4,65+,30.303030303
2016,LT,Lithuania,1,0-4,6.666666667
2016,LT,Lithuania,2,5-18,0.000000000
2016,LT,Lithuania,3,19-64,44.761904762
2016,LT,Lithuania,4,65+,43.500000000
2016,LU,Luxembourg,1,0-4,0.000000000
2016,LU,Luxembourg,3,19-64,28.125000000
2016,LU,Luxembourg,4,65+,22.727272727
2016,LV,Latvia,1,0-4,0.000000000
2016,LV,Latvia,2,5-18,0.000000000
2016,LV,Latvia,3,19-64,26.829268293
2016,LV,Latvia,4,65+,40.909090909
2016,MT,Malta,1,0-4,0.000000000
2016,MT,Malta,2,5-18,33.333333333
2016,MT,Malta,3,19-64,15.000000000
2016,MT,Malta,4,65+,13.793103448
2016,NL,Netherlands,1,0-4,7.142857143
2016,NL,Netherlands,2,5-18,7.692307692
2016,NL,Netherlands,3,19-64,6.250000000
2016,NL,Netherlands,4,65+,2.860286029
2016,NO,Norway,1,0-4,0.000000000
2016,NO,Norway,2,5-18,0.000000000
2016,NO,Norway,3,19-64,1.382488479
2016,NO,Norway,4,65+,3.146853147
2016,PL,Poland,1,0-4,50.769230769
2016,PL,Poland,2,5-18,33.333333333
2016,PL,Poland,3,19-64,56.775700935
2016,PL,Poland,4,65+,52.022058824
2016,PT,Portugal,1,0-4,28.787878788
2016,PT,Portugal,2,5-18,7.692307692
2016,PT,Portugal,3,19-64,26.912181303
2016,PT,Portugal,4,65+,27.467532468
2016,RO,Romania,1,0-4,36.666666667
2016,RO,Romania,3,19-64,54.069767442
2016,RO,Romania,4,65+,60.902255639
2016,SE,Sweden,1,0-4,0.000000000
2016,SE,Sweden,2,5-18,0.000000000
2016,SE,Sweden,3,19-64,1.413427562
2016,SE,Sweden,4,65+,2.369668246
2016,SI,Slovenia,1,0-4,0.000000000
2016,SI,Slovenia,3,19-64,16.455696203
2016,SI,Slovenia,4,65+,12.021857923
2016,SK,Slovakia,1,0-4,33.333333333
2016,SK,Slovakia,2,5-18,16.666666667
2016,SK,Slovakia,3,19-64,61.797752809
2016,SK,Slovakia,4,65+,52.877697842
2016,UK,United Kingdom,1,0-4,2.666666667
2016,UK,United Kingdom,2,5-18,4.761904762
2016,UK,United Kingdom,3,19-64,3.741814780
2016,UK,United Kingdom,4,65+,3.685027153
2017,AT,Austria,1,0-4,0.000000000
2017,AT,Austria,2,5-18,0.000000000
2017,AT,Austria,3,19-64,3.249097473
2017,AT,Austria,4,65+,3.026315789
2017,BE,Belgium,1,0-4,0.000000000
2017,BE,Belgium,2,5-18,20.000000000
2017,BE,Belgium,3,19-64,7.647058824
2017,BE,Belgium,4,65+,8.830548926
2017,BG,Bulgaria,1,0-4,47.826086957
2017,BG,Bulgaria,2,5-18,66.666666667
2017,BG,Bulgaria,3,19-64,54.054054054
2017,BG,Bulgaria,4,65+,45.588235294
2017,CY,Cyprus,3,19-64,24.137931034
2017,CY,Cyprus,4,65+,25.641025641
2017,CZ,Czechia,1,0-4,10.000000000
2017,CZ,Czechia,2,5-18,37.500000000
2017,CZ,Czechia,3,19-64,47.607655502
2017,CZ,Czechia,4,65+,40.115606936
2017,DE,Germany,1,0-4,0.000000000
2017,DE,Germany,2,5-18,50.000000000
2017,DE,Germany,3,19-64,7.897545358
2017,DE,Germany,4,65+,5.794525418
2017,DK,Denmark,1,0-4,0.000000000
2017,DK,Denmark,2,5-18,0.000000000
2017,DK,Denmark,3,19-64,5.079365079
2017,DK,Denmark,4,65+,1.378446115
2017,EE,Estonia,1,0-4,0.000000000
2017,EE,Estonia,3,19-64,11.111111111
2017,EE,Estonia,4,65+,12.903225806
2017,ES,Spain,1,0-4,7.500000000
2017,ES,Spain,2,5-18,20.000000000
2017,ES,Spain,3,19-64,14.502164502
2017,ES,Spain,4,65+,12.061855670
2017,FI,Finland,1,0-4,0.000000000
2017,FI,Finland,2,5-18,0.000000000
2017,FI,Finland,3,19-64,2.453987730
2017,FI,Finland,4,65+,2.372262774
2017,FR,France,1,0-4,12.244897959
2017,FR,France,2,5-18,11.764705882
2017,FR,France,3,19-64,20.318021201
2017,FR,France,4,65+,19.015795869
2017,HR,Croatia,1,0-4,9.090909091
2017,HR,Croatia,2,5-18,50.000000000
2017,HR,Croatia,3,19-64,25.806451613
2017,HR,Croatia,4,65+,22.950819672
2017,HU,Hungary,1,0-4,13.513513514
2017,HU,Hungary,2,5-18,16.666666667
2017,HU,Hungary,3,19-64,36.153846154
2017,HU,Hungary,4,65+,33.246073298
2017,IE,Ireland,1,0-4,0.000000000
2017,IE,Ireland,2,5-18,0.000000000
2017,IE,Ireland,3,19-64,3.977272727
2017,IE,Ireland,4,65+,7.342657343
2017,IT,Italy,1,0-4,43.820224719
2017,IT,Italy,2,5-18,38.095238095
2017,IT,Italy,3,19-64,33.392857143
2017,IT,Italy,4,65+,30.288909599
2017,LT,Lithuania,1,0-4,0.000000000
2017,LT,Lithuania,2,5-18,50.000000000
2017,LT,Lithuania,3,19-64,55.045871560
2017,LT,Lithuania,4,65+,44.500000000
2017,LU,Luxembourg,1,0-4,0.000000000
2017,LU,Luxembourg,3,19-64,14.705882353
2017,LU,Luxembourg,4,65+,19.354838710
2017,LV,Latvia,1,0-4,0.000000000
2017,LV,Latvia,2,5-18,25.000000000
2017,LV,Latvia,3,19-64,26.923076923
2017,LV,Latvia,4,65+,23.214285714
2017,MT,Malta,1,0-4,0.000000000
2017,MT,Malta,2,5-18,0.000000000
2017,MT,Malta,3,19-64,21.052631579
2017,MT,Malta,4,65+,32.467532468
2017,NL,Netherlands,1,0-4,5.000000000
2017,NL,Netherlands,2,5-18,0.000000000
2017,NL,Netherlands,3,19-64,8.146067416
2017,NL,Netherlands,4,65+,3.488372093
2017,NO,Norway,1,0-4,0.000000000
2017,NO,Norway,2,5-18,0.000000000
2017,NO,Norway,3,19-64,2.139037433
2017,NO,Norway,4,65+,3.577512777
2017,PL,Poland,1,0-4,22.580645161
2017,PL,Poland,2,5-18,66.666666667
2017,PL,Poland,3,19-64,51.851851852
2017,PL,Poland,4,65+,55.216284987
2017,PT,Portugal,1,0-4,33.802816901
2017,PT,Portugal,2,5-18,22.727272727
2017,PT,Portugal,3,19-64,29.669030733
2017,PT,Portugal,4,65+,27.949599084
2017,RO,Romania,1,0-4,23.809523810
2017,RO,Romania,2,5-18,100.000000000
2017,RO,Romania,3,19-64,59.509202454
2017,RO,Romania,4,65+,54.666666667
2017,SE,Sweden,1,0-4,0.000000000
2017,SE,Sweden,2,5-18,50.000000000
2017,SE,Sweden,3,19-64,3.703703704
2017,SE,Sweden,4,65+,2.824133504
2017,SI,Slovenia,1,0-4,0.000000000
2017,SI,Slovenia,3,19-64,18.681318681
2017,SI,Slovenia,4,65+,15.458937198
2017,SK,Slovakia,1,0-4,63.333333333
2017,SK,Slovakia,2,5-18,57.142857143
2017,SK,Slovakia,3,19-64,59.487179487
2017,SK,Slovakia,4,65+,54.222222222
2017,UK,United Kingdom,1,0-4,0.000000000
2017,UK,United Kingdom,2,5-18,0.000000000
2017,UK,United Kingdom,3,19-64,4.278462654
2017,UK,United Kingdom,4,65+,4.355885079
2018,AT,Austria,1,0-4,0.000000000
2018,AT,Austria,2,5-18,0.000000000
2018,AT,Austria,3,19-64,4.411764706
2018,AT,Austria,4,65+,2.597402597
2018,BE,Belgium,1,0-4,0.000000000
2018,BE,Belgium,2,5-18,0.000000000
2018,BE,Belgium,3,19-64,8.474576271
2018,BE,Belgium,4,65+,11.924119241
2018,BG,Bulgaria,1,0-4,50.000000000
2018,BG,Bulgaria,2,5-18,100.000000000
2018,BG,Bulgaria,3,19-64,48.529411765
2018,BG,Bulgaria,4,65+,46.987951807
2018,CY,Cyprus,1,0-4,0.000000000
2018,CY,Cyprus,2,5-18,0.000000000
2018,CY,Cyprus,3,19-64,30.000000000
2018,CY,Cyprus,4,65+,40.000000000
2018,CZ,Czechia,1,0-4,31.707317073
2018,CZ,Czechia,2,5-18,38.095238095
2018,CZ,Czechia,3,19-64,42.533936652
2018,CZ,Czechia,4,65+,37.218813906
2018,DE,Germany,1,0-4,0.000000000
2018,DE,Germany,2,5-18,0.000000000
2018,DE,Germany,3,19-64,5.611672278
2018,DE,Germany,4,65+,4.512032086
2018,DK,Denmark,1,0-4,0.000000000
2018,DK,Denmark,2,5-18,0.000000000
2018,DK,Denmark,3,19-64,2.554744526
2018,DK,Denmark,4,65+,1.710376283
2018,EE,Estonia,1,0-4,0.000000000
2018,EE,Estonia,2,5-18,0.000000000
2018,EE,Estonia,3,19-64,5.797101449
2018,EE,Estonia,4,65+,10.606060606
2018,ES,Spain,1,0-4,8.771929825
2018,ES,Spain,2,5-18,13.636363636
2018,ES,Spain,3,19-64,16.666666667
2018,ES,Spain,4,65+,15.724815725
2018,FI,Finland,1,0-4,0.000000000
2018,FI,Finland,2,5-18,0.000000000
2018,FI,Finland,3,19-64,3.448275862
2018,FI,Finland,4,65+,1.020408163
2018,FR,France,1,0-4,11.538461538
2018,FR,France,2,5-18,21.875000000
2018,FR,France,3,19-64,21.071115013
2018,FR,France,4,65+,22.144522145
2018,HR,Croatia,1,0-4,40.000000000
2018,HR,Croatia,2,5-18,50.000000000
2018,HR,Croatia,3,19-64,25.806451613
2018,HR,Croatia,4,65+,26.923076923
2018,HU,Hungary,1,0-4,18.421052632
2018,HU,Hungary,2,5-18,0.000000000
2018,HU,Hungary,3,19-64,29.617834395
2018,HU,Hungary,4,65+,29.521829522
2018,IE,Ireland,1,0-4,0.000000000
2018,IE,Ireland,2,5-18,22.222222222
2018,IE,Ireland,3,19-64,6.508875740
2018,IE,Ireland,4,65+,8.965517241
2018,IT,Italy,1,0-4,38.164251208
2018,IT,Italy,2,5-18,18.000000000
2018,IT,Italy,3,19-64,26.300743282
2018,IT,Italy,4,65+,23.658395845
2018,LT,Lithuania,1,0-4,55.555555556
2018,LT,Lithuania,2,5-18,50.000000000
2018,LT,Lithuania,3,19-64,34.782608696
2018,LT,Lithuania,4,65+,50.934579439
2018,LU,Luxembourg,1,0-4,0.000000000
2018,LU,Luxembourg,3,19-64,13.333333333
2018,LU,Luxembourg,4,65+,16.666666667
2018,LV,Latvia,1,0-4,0.000000000
2018,LV,Latvia,3,19-64,29.761904762
2018,LV,Latvia,4,65+,26.315789474
2018,MT,Malta,1,0-4,16.666666667
2018,MT,Malta,2,5-18,0.000000000
2018,MT,Malta,3,19-64,45.652173913
2018,MT,Malta,4,65+,45.238095238
2018,NL,Netherlands,1,0-4,8.695652174
2018,NL,Netherlands,2,5-18,13.333333333
2018,NL,Netherlands,3,19-64,5.869074492
2018,NL,Netherlands,4,65+,3.561116458
2018,NO,Norway,1,0-4,11.111111111
2018,NO,Norway,2,5-18,0.000000000
2018,NO,Norway,3,19-64,1.796407186
2018,NO,Norway,4,65+,4.301075269
2018,PL,Poland,1,0-4,28.571428571
2018,PL,Poland,2,5-18,28.571428571
2018,PL,Poland,3,19-64,57.659574468
2018,PL,Poland,4,65+,49.056603774
2018,PT,Portugal,1,0-4,18.644067797
2018,PT,Portugal,2,5-18,8.333333333
2018,PT,Portugal,3,19-64,30.820105820
2018,PT,Portugal,4,65+,25.176056338
2018,RO,Romania,1,0-4,26.086956522
2018,RO,Romania,2,5-18,25.000000000
2018,RO,Romania,3,19-64,46.009389671
2018,RO,Romania,4,65+,49.484536082
2018,SE,Sweden,1,0-4,33.333333333
2018,SE,Sweden,2,5-18,0.000000000
2018,SE,Sweden,3,19-64,3.956834532
2018,SE,Sweden,4,65+,2.000000000
2018,SI,Slovenia,1,0-4,0.000000000
2018,SI,Slovenia,2,5-18,0.000000000
2018,SI,Slovenia,3,19-64,17.105263158
2018,SI,Slovenia,4,65+,7.766990291
2018,SK,Slovakia,1,0-4,44.444444444
2018,SK,Slovakia,2,5-18,37.500000000
2018,SK,Slovakia,3,19-64,51.162790698
2018,SK,Slovakia,4,65+,49.454545455
2018,UK,United Kingdom,1,0-4,1.136363636
2018,UK,United Kingdom,2,5-18,9.302325581
2018,UK,United Kingdom,3,19-64,5.650459921
2018,UK,United Kingdom,4,65+,5.727923628
2019,AT,Austria,1,0-4,0.000000000
2019,AT,Austria,2,5-18,0.000000000
2019,AT,Austria,3,19-64,2.191780822
2019,AT,Austria,4,65+,3.482045702
2019,BG,Bulgaria,1,0-4,53.846153846
2019,BG,Bulgaria,2,5-18,75.000000000
2019,BG,Bulgaria,3,19-64,47.368421053
2019,BG,Bulgaria,4,65+,39.837398374
2019,CY,Cyprus,3,19-64,10.000000000
2019,CY,Cyprus,4,65+,32.142857143
2019,CZ,Czechia,1,0-4,26.829268293
2019,CZ,Czechia,2,5-18,30.769230769
2019,CZ,Czechia,3,19-64,44.642857143
2019,CZ,Czechia,4,65+,37.641509434
2019,DE,Germany,1,0-4,2.439024390
2019,DE,Germany,2,5-18,13.333333333
2019,DE,Germany,3,19-64,5.683836590
2019,DE,Germany,4,65+,4.499567349
2019,DK,Denmark,1,0-4,20.000000000
2019,DK,Denmark,2,5-18,0.000000000
2019,DK,Denmark,3,19-64,2.711864407
2019,DK,Denmark,4,65+,2.136752137
2019,EE,Estonia,1,0-4,0.000000000
2019,EE,Estonia,3,19-64,1.587301587
2019,EE,Estonia,4,65+,7.894736842
2019,ES,Spain,1,0-4,16.071428571
2019,ES,Spain,2,5-18,12.000000000
2019,ES,Spain,3,19-64,17.507002801
2019,ES,Spain,4,65+,13.111268604
2019,FI,Finland,1,0-4,0.000000000
2019,FI,Finland,2,5-18,25.000000000
2019,FI,Finland,3,19-64,3.636363636
2019,FI,Finland,4,65+,2.900763359
2019,FR,France,1,0-4,10.000000000
2019,FR,France,2,5-18,11.538461538
2019,FR,France,3,19-64,20.338983051
2019,FR,France,4,65+,19.899665552
2019,HR,Croatia,1,0-4,0.000000000
2019,HR,Croatia,2,5-18,0.000000000
2019,HR,Croatia,3,19-64,47.191011236
2019,HR,Croatia,4,65+,36.585365854
2019,HU,Hungary,1,0-4,13.461538462
2019,HU,Hungary,2,5-18,60.000000000
2019,HU,Hungary,3,19-64,26.443768997
2019,HU,Hungary,4,65+,27.079303675
2019,IE,Ireland,1,0-4,5.263157895
2019,IE,Ireland,2,5-18,0.000000000
2019,IE,Ireland,3,19-64,6.153846154
2019,IE,Ireland,4,65+,4.854368932
2019,IS,Iceland,3,19-64,0.000000000
2019,IS,Iceland,4,65+,0.000000000
2019,IT,Italy,1,0-4,30.555555556
2019,IT,Italy,2,5-18,23.076923077
2019,IT,Italy,3,19-64,34.984789222
2019,IT,Italy,4,65+,28.375332924
2019,LT,Lithuania,1,0-4,50.000000000
2019,LT,Lithuania,2,5-18,20.000000000
2019,LT,Lithuania,3,19-64,37.267080745
2019,LT,Lithuania,4,65+,34.099616858
2019,LU,Luxembourg,3,19-64,17.073170732
2019,LU,Luxembourg,4,65+,11.290322581
2019,LV,Latvia,3,19-64,26.966292135
2019,LV,Latvia,4,65+,23.853211009
2019,MT,Malta,1,0-4,20.000000000
2019,MT,Malta,3,19-64,21.428571429
2019,MT,Malta,4,65+,22.916666667
2019,NL,Netherlands,1,0-4,3.846153846
2019,NL,Netherlands,2,5-18,0.000000000
2019,NL,Netherlands,3,19-64,5.540166205
2019,NL,Netherlands,4,65+,2.788461538
2019,NO,Norway,1,0-4,0.000000000
2019,NO,Norway,2,5-18,0.000000000
2019,NO,Norway,3,19-64,5.529953917
2019,NO,Norway,4,65+,3.316749585
2019,PL,Poland,1,0-4,12.000000000
2019,PL,Poland,2,5-18,0.000000000
2019,PL,Poland,3,19-64,46.115288221
2019,PL,Poland,4,65+,45.760233918
2019,PT,Portugal,1,0-4,24.074074074
2019,PT,Portugal,2,5-18,25.000000000
2019,PT,Portugal,3,19-64,26.502732240
2019,PT,Portugal,4,65+,26.598602902
2019,RO,Romania,1,0-4,50.000000000
2019,RO,Romania,2,5-18,100.000000000
2019,RO,Romania,3,19-64,55.801104972
2019,RO,Romania,4,65+,48.095238095
2019,SE,Sweden,1,0-4,0.000000000
2019,SE,Sweden,2,5-18,7.142857143
2019,SE,Sweden,3,19-64,5.299539171
2019,SE,Sweden,4,65+,2.481203008
2019,SI,Slovenia,1,0-4,0.000000000
2019,SI,Slovenia,2,5-18,0.000000000
2019,SI,Slovenia,3,19-64,9.589041096
2019,SI,Slovenia,4,65+,7.174887892
2019,SK,Slovakia,1,0-4,42.857142857
2019,SK,Slovakia,2,5-18,50.000000000
2019,SK,Slovakia,3,19-64,48.226950355
2019,SK,Slovakia,4,65+,43.000000000
2019,UK,United Kingdom,1,0-4,7.216494845
2019,UK,United Kingdom,2,5-18,8.108108108
2019,UK,United Kingdom,3,19-64,4.969418960
2019,UK,United Kingdom,4,65+,5.355997434
2020,AT,Austria,1,0-4,10.000000000
2020,AT,Austria,2,5-18,0.000000000
2020,AT,Austria,3,19-64,2.803738318
2020,AT,Austria,4,65+,2.699055331
2020,BE,Belgium,1,0-4,8.333333333
2020,BE,Belgium,2,5-18,33.333333333
2020,BE,Belgium,3,19-64,7.777777778
2020,BE,Belgium,4,65+,11.801242236
2020,BG,Bulgaria,1,0-4,50.000000000
2020,BG,Bulgaria,2,5-18,83.333333333
2020,BG,Bulgaria,3,19-64,60.227272727
2020,BG,Bulgaria,4,65+,55.769230769
2020,CY,Cyprus,1,0-4,0.000000000
2020,CY,Cyprus,2,5-18,0.000000000
2020,CY,Cyprus,3,19-64,14.285714286
2020,CY,Cyprus,4,65+,21.568627451
2020,CZ,Czechia,1,0-4,10.344827586
2020,CZ,Czechia,2,5-18,16.666666667
2020,CZ,Czechia,3,19-64,36.966824645
2020,CZ,Czechia,4,65+,34.554455446
2020,DE,Germany,1,0-4,2.272727273
2020,DE,Germany,2,5-18,0.000000000
2020,DE,Germany,3,19-64,3.399433428
2020,DE,Germany,4,65+,3.820909517
2020,DK,Denmark,1,0-4,12.500000000
2020,DK,Denmark,2,5-18,0.000000000
2020,DK,Denmark,3,19-64,1.805054152
2020,DK,Denmark,4,65+,1.646090535
2020,EE,Estonia,1,0-4,0.000000000
2020,EE,Estonia,3,19-64,4.166666667
2020,EE,Estonia,4,65+,8.943089431
2020,ES,Spain,1,0-4,15.000000000
2020,ES,Spain,2,5-18,5.882352941
2020,ES,Spain,3,19-64,16.343490305
2020,ES,Spain,4,65+,16.569343066
2020,FI,Finland,1,0-4,0.000000000
2020,FI,Finland,2,5-18,25.000000000
2020,FI,Finland,3,19-64,4.615384615
2020,FI,Finland,4,65+,3.043478261
2020,FR,France,1,0-4,8.219178082
2020,FR,France,2,5-18,10.000000000
2020,FR,France,3,19-64,15.262824573
2020,FR,France,4,65+,17.242524917
2020,HR,Croatia,1,0-4,11.111111111
2020,HR,Croatia,2,5-18,100.000000000
2020,HR,Croatia,3,19-64,39.759036145
2020,HR,Croatia,4,65+,34.857142857
2020,HU,Hungary,1,0-4,11.764705882
2020,HU,Hungary,2,5-18,66.666666667
2020,HU,Hungary,3,19-64,32.028469751
2020,HU,Hungary,4,65+,33.766233766
2020,IE,Ireland,1,0-4,5.263157895
2020,IE,Ireland,2,5-18,0.000000000
2020,IE,Ireland,3,19-64,6.993006993
2020,IE,Ireland,4,65+,8.201892744
2020,IS,Iceland,1,0-4,0.000000000
2020,IS,Iceland,3,19-64,0.000000000
2020,IS,Iceland,4,65+,0.000000000
2020,IT,Italy,1,0-4,22.754491018
2020,IT,Italy,2,5-18,37.142857143
2020,IT,Italy,3,19-64,32.506780318
2020,IT,Italy,4,65+,28.271504280
2020,LT,Lithuania,1,0-4,11.111111111
2020,LT,Lithuania,3,19-64,28.143712575
2020,LT,Lithuania,4,65+,29.487179487
2020,LU,Luxembourg,1,0-4,0.000000000
2020,LU,Luxembourg,3,19-64,23.529411765
2020,LU,Luxembourg,4,65+,19.230769231
2020,LV,Latvia,1,0-4,0.000000000
2020,LV,Latvia,2,5-18,0.000000000
2020,LV,Latvia,3,19-64,21.739130435
2020,LV,Latvia,4,65+,18.421052632
2020,MT,Malta,1,0-4,0.000000000
2020,MT,Malta,2,5-18,0.000000000
2020,MT,Malta,3,19-64,21.875000000
2020,MT,Malta,4,65+,18.367346939
2020,NL,Netherlands,1,0-4,3.333333333
2020,NL,Netherlands,2,5-18,16.666666667
2020,NL,Netherlands,3,19-64,4.271356784
2020,NL,Netherlands,4,65+,4.266389178
2020,NO,Norway,1,0-4,50.000000000
2020,NO,Norway,2,5-18,0.000000000
2020,NO,Norway,3,19-64,7.100591716
2020,NO,Norway,4,65+,3.660886320
2020,PL,Poland,1,0-4,40.000000000
2020,PL,Poland,2,5-18,25.000000000
2020,PL,Poland,3,19-64,47.432762836
2020,PL,Poland,4,65+,47.841105354
2020,PT,Portugal,1,0-4,26.315789474
2020,PT,Portugal,2,5-18,11.764705882
2020,PT,Portugal,3,19-64,25.537294564
2020,PT,Portugal,4,65+,23.135135135
2020,RO,Romania,1,0-4,64.285714286
2020,RO,Romania,3,19-64,47.752808989
2020,RO,Romania,4,65+,46.829268293
2020,SE,Sweden,1,0-4,27.272727273
2020,SE,Sweden,2,5-18,0.000000000
2020,SE,Sweden,3,19-64,2.643171806
2020,SE,Sweden,4,65+,2.137067060
2020,SI,Slovenia,1,0-4,0.000000000
2020,SI,Slovenia,2,5-18,0.000000000
2020,SI,Slovenia,3,19-64,5.714285714
2020,SI,Slovenia,4,65+,8.490566038
2020,SK,Slovakia,1,0-4,33.333333333
2020,SK,Slovakia,2,5-18,50.000000000
2020,SK,Slovakia,3,19-64,54.838709677
2020,SK,Slovakia,4,65+,37.606837607
2021,AT,Austria,1,0-4,0.000000000
2021,AT,Austria,3,19-64,2.331606218
2021,AT,Austria,4,65+,2.171290712
2021,BE,Belgium,1,0-4,0.000000000
2021,BE,Belgium,2,5-18,0.000000000
2021,BE,Belgium,3,19-64,7.352941176
2021,BE,Belgium,4,65+,7.472527473
2021,BG,Bulgaria,1,0-4,50.000000000
2021,BG,Bulgaria,2,5-18,25.000000000
2021,BG,Bulgaria,3,19-64,68.932038835
2021,BG,Bulgaria,4,65+,55.238095238
2021,CY,Cyprus,1,0-4,0.000000000
2021,CY,Cyprus,2,5-18,0.000000000
2021,CY,Cyprus,3,19-64,42.553191489
2021,CY,Cyprus,4,65+,32.857142857
2021,CZ,Czechia,1,0-4,6.666666667
2021,CZ,Czechia,2,5-18,66.666666667
2021,CZ,Czechia,3,19-64,34.883720930
2021,CZ,Czechia,4,65+,33.773584906
2021,DE,Germany,1,0-4,1.923076923
2021,DE,Germany,2,5-18,9.090909091
2021,DE,Germany,3,19-64,2.886977887
2021,DE,Germany,4,65+,2.633969119
2021,DK,Denmark,1,0-4,0.000000000
2021,DK,Denmark,2,5-18,0.000000000
2021,DK,Denmark,3,19-64,2.290076336
2021,DK,Denmark,4,65+,0.837696335
2021,EE,Estonia,1,0-4,0.000000000
2021,EE,Estonia,3,19-64,10.227272727
2021,EE,Estonia,4,65+,2.739726027
2021,ES,Spain,1,0-4,15.384615385
2021,ES,Spain,2,5-18,16.666666667
2021,ES,Spain,3,19-64,19.523099851
2021,ES,Spain,4,65+,17.122302158
2021,FI,Finland,1,0-4,0.000000000
2021,FI,Finland,2,5-18,0.000000000
2021,FI,Finland,3,19-64,0.000000000
2021,FI,Finland,4,65+,2.745098039
2021,FR,France,1,0-4,6.818181818
2021,FR,France,2,5-18,5.882352941
2021,FR,France,3,19-64,14.159848962
2021,FR,France,4,65+,15.531987684
2021,HR,Croatia,1,0-4,16.666666667
2021,HR,Croatia,2,5-18,0.000000000
2021,HR,Croatia,3,19-64,53.333333333
2021,HR,Croatia,4,65+,40.277777778
2021,HU,Hungary,1,0-4,15.384615385
2021,HU,Hungary,2,5-18,28.571428571
2021,HU,Hungary,3,19-64,27.970297030
2021,HU,Hungary,4,65+,31.111111111
2021,IE,Ireland,1,0-4,0.000000000
2021,IE,Ireland,2,5-18,0.000000000
2021,IE,Ireland,3,19-64,6.622516556
2021,IE,Ireland,4,65+,8.536585366
2021,IS,Iceland,3,19-64,0.000000000
2021,IS,Iceland,4,65+,0.000000000
2021,IT,Italy,1,0-4,27.058823529
2021,IT,Italy,2,5-18,22.058823529
2021,IT,Italy,3,19-64,31.526586621
2021,IT,Italy,4,65+,27.159652411
2021,LT,Lithuania,1,0-4,14.285714286
2021,LT,Lithuania,2,5-18,0.000000000
2021,LT,Lithuania,3,19-64,21.052631579
2021,LT,Lithuania,4,65+,28.731343284
2021,LU,Luxembourg,3,19-64,3.571428571
2021,LU,Luxembourg,4,65+,16.438356164
2021,LV,Latvia,1,0-4,50.000000000
2021,LV,Latvia,3,19-64,17.142857143
2021,LV,Latvia,4,65+,22.222222222
2021,MT,Malta,1,0-4,0.000000000
2021,MT,Malta,3,19-64,8.108108108
2021,MT,Malta,4,65+,20.430107527
2021,NL,Netherlands,1,0-4,0.000000000
2021,NL,Netherlands,2,5-18,0.000000000
2021,NL,Netherlands,3,19-64,6.666666667
2021,NL,Netherlands,4,65+,3.436807095
2021,NO,Norway,1,0-4,0.000000000
2021,NO,Norway,2,5-18,20.000000000
2021,NO,Norway,3,19-64,1.630434783
2021,NO,Norway,4,65+,3.209459459
2021,PL,Poland,1,0-4,31.578947368
2021,PL,Poland,2,5-18,40.000000000
2021,PL,Poland,3,19-64,57.637474542
2021,PL,Poland,4,65+,51.589242054
2021,PT,Portugal,1,0-4,18.421052632
2021,PT,Portugal,2,5-18,15.384615385
2021,PT,Portugal,3,19-64,21.871202916
2021,PT,Portugal,4,65+,20.074580485
2021,RO,Romania,1,0-4,22.222222222
2021,RO,Romania,2,5-18,20.000000000
2021,RO,Romania,3,19-64,51.256281407
2021,RO,Romania,4,65+,47.511312217
2021,SE,Sweden,1,0-4,0.000000000
2021,SE,Sweden,2,5-18,14.285714286
2021,SE,Sweden,3,19-64,2.232142857
2021,SE,Sweden,4,65+,2.254098361
2021,SI,Slovenia,1,0-4,20.000000000
2021,SI,Slovenia,2,5-18,0.000000000
2021,SI,Slovenia,3,19-64,16.666666667
2021,SI,Slovenia,4,65+,10.714285714
2021,SK,Slovakia,1,0-4,42.857142857
2021,SK,Slovakia,3,19-64,54.435483871
2021,SK,Slovakia,4,65+,49.826989619
2022,AT,Austria,1,0-4,0.000000000
2022,AT,Austria,2,5-18,0.000000000
2022,AT,Austria,3,19-64,2.006688963
2022,AT,Austria,4,65+,1.455026455
2022,BE,Belgium,1,0-4,25.000000000
2022,BE,Belgium,2,5-18,0.000000000
2022,BE,Belgium,3,19-64,5.641025641
2022,BE,Belgium,4,65+,8.939708940
2022,BG,Bulgaria,1,0-4,48.484848485
2022,BG,Bulgaria,2,5-18,0.000000000
2022,BG,Bulgaria,3,19-64,55.555555556
2022,BG,Bulgaria,4,65+,52.991452991
2022,CY,Cyprus,1,0-4,50.000000000
2022,CY,Cyprus,2,5-18,0.000000000
2022,CY,Cyprus,3,19-64,34.782608696
2022,CY,Cyprus,4,65+,34.065934066
2022,CZ,Czechia,1,0-4,11.538461538
2022,CZ,Czechia,2,5-18,31.578947368
2022,CZ,Czechia,3,19-64,34.396355353
2022,CZ,Czechia,4,65+,32.495667244
2022,DE,Germany,1,0-4,6.060606061
2022,DE,Germany,2,5-18,12.000000000
2022,DE,Germany,3,19-64,4.595791805
2022,DE,Germany,4,65+,2.562141491
2022,DK,Denmark,1,0-4,11.111111111
2022,DK,Denmark,2,5-18,0.000000000
2022,DK,Denmark,3,19-64,2.230483271
2022,DK,Denmark,4,65+,1.055966209
2022,EE,Estonia,1,0-4,0.000000000
2022,EE,Estonia,3,19-64,6.493506494
2022,EE,Estonia,4,65+,6.369426752
2022,ES,Spain,1,0-4,4.054054054
2022,ES,Spain,2,5-18,19.354838710
2022,ES,Spain,3,19-64,19.082125604
2022,ES,Spain,4,65+,16.047297297
2022,FI,Finland,1,0-4,0.000000000
2022,FI,Finland,2,5-18,0.000000000
2022,FI,Finland,3,19-64,2.424242424
2022,FI,Finland,4,65+,1.697792869
2022,FR,France,1,0-4,10.227272727
2022,FR,France,2,5-18,7.317073171
2022,FR,France,3,19-64,11.987577640
2022,FR,France,4,65+,15.283993115
2022,HR,Croatia,1,0-4,14.285714286
2022,HR,Croatia,3,19-64,35.593220339
2022,HR,Croatia,4,65+,41.704035874
2022,HU,Hungary,1,0-4,17.647058824
2022,HU,Hungary,2,5-18,0.000000000
2022,HU,Hungary,3,19-64,28.750000000
2022,HU,Hungary,4,65+,30.086956522
2022,IE,Ireland,1,0-4,0.000000000
2022,IE,Ireland,2,5-18,12.500000000
2022,IE,Ireland,3,19-64,2.083333333
2022,IE,Ireland,4,65+,4.081632653
2022,IS,Iceland,3,19-64,0.000000000
2022,IS,Iceland,4,65+,0.000000000
2022,IT,Italy,1,0-4,19.457013575
2022,IT,Italy,2,5-18,22.826086957
2022,IT,Italy,3,19-64,29.637398861
2022,IT,Italy,4,65+,29.678688525
2022,LT,Lithuania,1,0-4,0.000000000
2022,LT,Lithuania,2,5-18,0.000000000
2022,LT,Lithuania,3,19-64,23.444976077
2022,LT,Lithuania,4,65+,20.805369128
2022,LU,Luxembourg,2,5-18,0.000000000
2022,LU,Luxembourg,3,19-64,6.382978723
2022,LU,Luxembourg,4,65+,4.347826087
2022,LV,Latvia,1,0-4,0.000000000
2022,LV,Latvia,3,19-64,22.321428571
2022,LV,Latvia,4,65+,21.387283237
2022,MT,Malta,1,0-4,20.000000000
2022,MT,Malta,2,5-18,0.000000000
2022,MT,Malta,3,19-64,2.631578947
2022,MT,Malta,4,65+,5.333333333
2022,NL,Netherlands,1,0-4,7.407407407
2022,NL,Netherlands,2,5-18,36.363636364
2022,NL,Netherlands,3,19-64,4.657534247
2022,NL,Netherlands,4,65+,3.462321792
2022,NO,Norway,1,0-4,0.000000000
2022,NO,Norway,2,5-18,0.000000000
2022,NO,Norway,3,19-64,3.465346535
2022,NO,Norway,4,65+,2.882882883
2022,PL,Poland,1,0-4,36.170212766
2022,PL,Poland,2,5-18,33.333333333
2022,PL,Poland,3,19-64,44.642857143
2022,PL,Poland,4,65+,44.674965422
2022,PT,Portugal,1,0-4,15.217391304
2022,PT,Portugal,2,5-18,5.000000000
2022,PT,Portugal,3,19-64,21.558164354
2022,PT,Portugal,4,65+,19.546157813
2022,RO,Romania,1,0-4,54.545454545
2022,RO,Romania,2,5-18,33.333333333
2022,RO,Romania,3,19-64,54.210526316
2022,RO,Romania,4,65+,49.248120301
2022,SE,Sweden,1,0-4,0.000000000
2022,SE,Sweden,2,5-18,0.000000000
2022,SE,Sweden,3,19-64,3.171247357
2022,SE,Sweden,4,65+,1.704199635
2022,SI,Slovenia,1,0-4,0.000000000
2022,SI,Slovenia,2,5-18,0.000000000
2022,SI,Slovenia,3,19-64,16.504854369
2022,SI,Slovenia,4,65+,9.056603774
2022,SK,Slovakia,1,0-4,33.333333333
2022,SK,Slovakia,3,19-64,39.597315436
2022,SK,Slovakia,4,65+,36.170212766
2023,AT,Austria,1,0-4,10.000000000
2023,AT,Austria,2,5-18,0.000000000
2023,AT,Austria,3,19-64,2.675585284
2023,AT,Austria,4,65+,2.739726027
2023,BE,Belgium,1,0-4,12.500000000
2023,BE,Belgium,2,5-18,0.000000000
2023,BE,Belgium,3,19-64,8.900523560
2023,BE,Belgium,4,65+,8.606557377
2023,BG,Bulgaria,1,0-4,29.411764706
2023,BG,Bulgaria,2,5-18,33.333333333
2023,BG,Bulgaria,3,19-64,66.666666667
2023,BG,Bulgaria,4,65+,69.724770642
2023,CY,Cyprus,1,0-4,28.571428571
2023,CY,Cyprus,2,5-18,50.000000000
2023,CY,Cyprus,3,19-64,31.111111111
2023,CY,Cyprus,4,65+,26.732673267
2023,CZ,Czechia,1,0-4,5.000000000
2023,CZ,Czechia,2,5-18,23.529411765
2023,CZ,Czechia,3,19-64,29.438202247
2023,CZ,Czechia,4,65+,28.306655434
2023,DE,Germany,1,0-4,0.000000000
2023,DE,Germany,2,5-18,10.000000000
2023,DE,Germany,3,19-64,3.907074974
2023,DE,Germany,4,65+,2.548101924
2023,DK,Denmark,1,0-4,0.000000000
2023,DK,Denmark,2,5-18,0.000000000
2023,DK,Denmark,3,19-64,2.500000000
2023,DK,Denmark,4,65+,1.512096774
2023,EE,Estonia,1,0-4,33.333333333
2023,EE,Estonia,3,19-64,5.319148936
2023,EE,Estonia,4,65+,5.025125628
2023,EL,Greece,1,0-4,15.384615385
2023,EL,Greece,2,5-18,50.000000000
2023,EL,Greece,3,19-64,66.578947368
2023,EL,Greece,4,65+,58.552631579
2023,ES,Spain,1,0-4,9.722222222
2023,ES,Spain,2,5-18,31.034482759
2023,ES,Spain,3,19-64,13.718820862
2023,ES,Spain,4,65+,13.955773956
2023,FI,Finland,1,0-4,0.000000000
2023,FI,Finland,2,5-18,0.000000000
2023,FI,Finland,3,19-64,3.773584906
2023,FI,Finland,4,65+,3.220035778
2023,HR,Croatia,1,0-4,15.789473684
2023,HR,Croatia,2,5-18,20.000000000
2023,HR,Croatia,3,19-64,34.054054054
2023,HR,Croatia,4,65+,35.632183908
2023,HU,Hungary,1,0-4,20.833333333
2023,HU,Hungary,2,5-18,30.769230769
2023,HU,Hungary,3,19-64,27.792915531
2023,HU,Hungary,4,65+,26.300984529
2023,IE,Ireland,1,0-4,5.882352941
2023,IE,Ireland,2,5-18,0.000000000
2023,IE,Ireland,3,19-64,5.714285714
2023,IE,Ireland,4,65+,5.449591281
2023,IS,Iceland,3,19-64,0.000000000
2023,IS,Iceland,4,65+,0.000000000
2023,IT,Italy,1,0-4,16.949152542
2023,IT,Italy,2,5-18,23.188405797
2023,IT,Italy,3,19-64,30.583029672
2023,IT,Italy,4,65+,29.746972318
2023,LT,Lithuania,1,0-4,0.000000000
2023,LT,Lithuania,2,5-18,33.333333333
2023,LT,Lithuania,3,19-64,20.673076923
2023,LT,Lithuania,4,65+,27.215189873
2023,LU,Luxembourg,1,0-4,0.000000000
2023,LU,Luxembourg,3,19-64,10.000000000
2023,LU,Luxembourg,4,65+,7.547169811
2023,LV,Latvia,1,0-4,0.000000000
2023,LV,Latvia,2,5-18,0.000000000
2023,LV,Latvia,3,19-64,28.571428571
2023,LV,Latvia,4,65+,20.408163265
2023,MT,Malta,1,0-4,0.000000000
2023,MT,Malta,2,5-18,0.000000000
2023,MT,Malta,3,19-64,10.000000000
2023,MT,Malta,4,65+,7.446808511
2023,NL,Netherlands,1,0-4,6.250000000
2023,NL,Netherlands,2,5-18,30.000000000
2023,NL,Netherlands,3,19-64,5.147058824
2023,NL,Netherlands,4,65+,4.018691589
2023,NO,Norway,1,0-4,0.000000000
2023,NO,Norway,2,5-18,0.000000000
2023,NO,Norway,3,19-64,2.185792350
2023,NO,Norway,4,65+,2.847571189
2023,PL,Poland,1,0-4,21.621621622
2023,PL,Poland,2,5-18,45.454545455
2023,PL,Poland,3,19-64,50.418410042
2023,PL,Poland,4,65+,46.881959911
2023,PT,Portugal,1,0-4,21.276595745
2023,PT,Portugal,2,5-18,29.411764706
2023,PT,Portugal,3,19-64,21.218487395
2023,PT,Portugal,4,65+,20.576840293
2023,RO,Romania,1,0-4,46.666666667
2023,RO,Romania,2,5-18,0.000000000
2023,RO,Romania,3,19-64,58.146964856
2023,RO,Romania,4,65+,52.834467120
2023,SE,Sweden,1,0-4,10.000000000
2023,SE,Sweden,2,5-18,33.333333333
2023,SE,Sweden,3,19-64,4.861111111
2023,SE,Sweden,4,65+,2.294117647
2023,SI,Slovenia,1,0-4,0.000000000
2023,SI,Slovenia,2,5-18,0.000000000
2023,SI,Slovenia,3,19-64,12.222222222
2023,SI,Slovenia,4,65+,14.754098361
2023,SK,Slovakia,1,0-4,30.000000000
2023,SK,Slovakia,2,5-18,0.000000000
2023,SK,Slovakia,3,19-64,36.274509804
2023,SK,Slovakia,4,65+,35.897435897
2024,AT,Austria,1,0-4,0.000000000
2024,AT,Austria,2,5-18,0.000000000
2024,AT,Austria,3,19-64,3.125000000
2024,AT,Austria,4,65+,3.595724004
2024,BE,Belgium,1,0-4,0.000000000
2024,BE,Belgium,2,5-18,0.000000000
2024,BE,Belgium,3,19-64,12.025316456
2024,BE,Belgium,4,65+,7.554671968
2024,BG,Bulgaria,1,0-4,57.142857143
2024,BG,Bulgaria,2,5-18,42.857142857
2024,BG,Bulgaria,3,19-64,70.430107527
2024,BG,Bulgaria,4,65+,73.745173745
2024,CZ,Czechia,1,0-4,5.882352941
2024,CZ,Czechia,2,5-18,0.000000000
2024,CZ,Czechia,3,19-64,25.101214575
2024,CZ,Czechia,4,65+,27.710843373
2024,DE,Germany,1,0-4,1.612903226
2024,DE,Germany,2,5-18,0.000000000
2024,DE,Germany,3,19-64,3.382663848
2024,DE,Germany,4,65+,2.226050086
2024,DK,Denmark,1,0-4,0.000000000
2024,DK,Denmark,2,5-18,0.000000000
2024,DK,Denmark,3,19-64,3.422053232
2024,DK,Denmark,4,65+,0.895522388
2024,EE,Estonia,1,0-4,0.000000000
2024,EE,Estonia,3,19-64,2.247191011
2024,EE,Estonia,4,65+,5.494505495
2024,EL,Greece,1,0-4,14.285714286
2024,EL,Greece,2,5-18,28.571428571
2024,EL,Greece,3,19-64,64.497041420
2024,EL,Greece,4,65+,57.063711911
2024,ES,Spain,1,0-4,9.523809524
2024,ES,Spain,2,5-18,23.529411765
2024,ES,Spain,3,19-64,12.541620422
2024,ES,Spain,4,65+,13.304514890
2024,FI,Finland,1,0-4,0.000000000
2024,FI,Finland,2,5-18,0.000000000
2024,FI,Finland,3,19-64,3.608247423
2024,FI,Finland,4,65+,1.654135338
2024,FR,France,1,0-4,10.638297872
2024,FR,France,2,5-18,3.225806452
2024,FR,France,3,19-64,11.859688196
2024,FR,France,4,65+,12.797858099
2024,HR,Croatia,1,0-4,10.000000000
2024,HR,Croatia,2,5-18,66.666666667
2024,HR,Croatia,3,19-64,41.618497110
2024,HR,Croatia,4,65+,38.511326861
2024,HU,Hungary,1,0-4,5.714285714
2024,HU,Hungary,2,5-18,16.666666667
2024,HU,Hungary,3,19-64,26.190476190
2024,HU,Hungary,4,65+,21.367521368
2024,IE,Ireland,1,0-4,6.666666667
2024,IE,Ireland,2,5-18,0.000000000
2024,IE,Ireland,3,19-64,2.857142857
2024,IE,Ireland,4,65+,2.743902439
2024,IS,Iceland,2,5-18,0.000000000
2024,IS,Iceland,3,19-64,0.000000000
2024,IS,Iceland,4,65+,0.000000000
2024,IT,Italy,1,0-4,12.290502793
2024,IT,Italy,2,5-18,21.052631579
2024,IT,Italy,3,19-64,29.805825243
2024,IT,Italy,4,65+,28.162055336
2024,LT,Lithuania,1,0-4,25.000000000
2024,LT,Lithuania,2,5-18,0.000000000
2024,LT,Lithuania,3,19-64,24.400000000
2024,LT,Lithuania,4,65+,25.925925926
2024,LU,Luxembourg,1,0-4,0.000000000
2024,LU,Luxembourg,2,5-18,0.000000000
2024,LU,Luxembourg,3,19-64,4.000000000
2024,LU,Luxembourg,4,65+,4.878048780
2024,LV,Latvia,1,0-4,66.666666667
2024,LV,Latvia,3,19-64,33.582089552
2024,LV,Latvia,4,65+,32.394366197
2024,MT,Malta,1,0-4,0.000000000
2024,MT,Malta,3,19-64,4.255319149
2024,MT,Malta,4,65+,9.677419355
2024,NL,Netherlands,1,0-4,7.692307692
2024,NL,Netherlands,2,5-18,25.000000000
2024,NL,Netherlands,3,19-64,7.543103448
2024,NL,Netherlands,4,65+,6.503442999
2024,NO,Norway,1,0-4,0.000000000
2024,NO,Norway,2,5-18,0.000000000
2024,NO,Norway,3,19-64,2.620087336
2024,NO,Norway,4,65+,3.206106870
2024,PL,Poland,1,0-4,27.500000000
2024,PL,Poland,2,5-18,55.555555556
2024,PL,Poland,3,19-64,42.763157895
2024,PL,Poland,4,65+,43.231810491
2024,PT,Portugal,1,0-4,16.326530612
2024,PT,Portugal,2,5-18,16.666666667
2024,PT,Portugal,3,19-64,20.724801812
2024,PT,Portugal,4,65+,17.739130435
2024,RO,Romania,1,0-4,44.186046512
2024,RO,Romania,2,5-18,64.705882353
2024,RO,Romania,3,19-64,50.833333333
2024,RO,Romania,4,65+,50.086956522
2024,SE,Sweden,1,0-4,0.000000000
2024,SE,Sweden,2,5-18,8.333333333
2024,SE,Sweden,3,19-64,5.215419501
2024,SE,Sweden,4,65+,2.261445119
2024,SI,Slovenia,1,0-4,0.000000000
2024,SI,Slovenia,2,5-18,0.000000000
2024,SI,Slovenia,3,19-64,10.389610390
2024,SI,Slovenia,4,65+,6.985294118
2024,SK,Slovakia,1,0-4,16.666666667
2024,SK,Slovakia,2,5-18,33.333333333
2024,SK,Slovakia,3,19-64,40.816326531
2024,SK,Slovakia,4,65+,34.259259259
